Time	Requests
1998-06-02 00:00:00	3159
1998-06-02 00:01:00	3180
1998-06-02 00:02:00	2931
1998-06-02 00:03:00	2995
1998-06-02 00:04:00	3243
1998-06-02 00:05:00	2830
1998-06-02 00:06:00	3613
1998-06-02 00:07:00	3679
1998-06-02 00:08:00	3181
1998-06-02 00:09:00	3225
1998-06-02 00:10:00	3090
1998-06-02 00:11:00	3241
1998-06-02 00:12:00	3352
1998-06-02 00:13:00	3158
1998-06-02 00:14:00	3775
1998-06-02 00:15:00	4082
1998-06-02 00:16:00	3716
1998-06-02 00:17:00	3634
1998-06-02 00:18:00	3469
1998-06-02 00:19:00	3876
1998-06-02 00:20:00	3470
1998-06-02 00:21:00	3460
1998-06-02 00:22:00	3375
1998-06-02 00:23:00	3444
1998-06-02 00:24:00	3294
1998-06-02 00:25:00	3213
1998-06-02 00:26:00	3878
1998-06-02 00:27:00	4293
1998-06-02 00:28:00	3637
1998-06-02 00:29:00	3725
1998-06-02 00:30:00	3567
1998-06-02 00:31:00	3618
1998-06-02 00:32:00	3611
1998-06-02 00:33:00	3399
1998-06-02 00:34:00	4145
1998-06-02 00:35:00	4020
1998-06-02 00:36:00	3431
1998-06-02 00:37:00	3637
1998-06-02 00:38:00	3745
1998-06-02 00:39:00	3546
1998-06-02 00:40:00	3343
1998-06-02 00:41:00	3851
1998-06-02 00:42:00	3360
1998-06-02 00:43:00	3330
1998-06-02 00:44:00	3786
1998-06-02 00:45:00	3476
1998-06-02 00:46:00	3667
1998-06-02 00:47:00	3190
1998-06-02 00:48:00	3167
1998-06-02 00:49:00	3751
1998-06-02 00:50:00	3845
1998-06-02 00:51:00	3413
1998-06-02 00:52:00	3569
1998-06-02 00:53:00	3865
1998-06-02 00:54:00	3554
1998-06-02 00:55:00	3720
1998-06-02 00:56:00	3728
1998-06-02 00:57:00	3724
1998-06-02 00:58:00	3429
1998-06-02 00:59:00	3233
1998-06-02 01:00:00	3618
1998-06-02 01:01:00	3444
1998-06-02 01:02:00	3237
1998-06-02 01:03:00	3761
1998-06-02 01:04:00	3366
1998-06-02 01:05:00	3198
1998-06-02 01:06:00	3318
1998-06-02 01:07:00	3464
1998-06-02 01:08:00	3505
1998-06-02 01:09:00	3571
1998-06-02 01:10:00	3501
1998-06-02 01:11:00	3484
1998-06-02 01:12:00	3664
1998-06-02 01:13:00	3752
1998-06-02 01:14:00	3932
1998-06-02 01:15:00	3232
1998-06-02 01:16:00	3783
1998-06-02 01:17:00	3597
1998-06-02 01:18:00	3455
1998-06-02 01:19:00	3191
1998-06-02 01:20:00	3747
1998-06-02 01:21:00	3849
1998-06-02 01:22:00	3574
1998-06-02 01:23:00	3271
1998-06-02 01:24:00	3633
1998-06-02 01:25:00	3959
1998-06-02 01:26:00	4208
1998-06-02 01:27:00	3822
1998-06-02 01:28:00	3724
1998-06-02 01:29:00	3588
1998-06-02 01:30:00	3393
1998-06-02 01:31:00	3647
1998-06-02 01:32:00	3706
1998-06-02 01:33:00	3349
1998-06-02 01:34:00	3152
1998-06-02 01:35:00	3191
1998-06-02 01:36:00	3394
1998-06-02 01:37:00	3113
1998-06-02 01:38:00	3739
1998-06-02 01:39:00	3233
1998-06-02 01:40:00	3702
1998-06-02 01:41:00	3383
1998-06-02 01:42:00	3634
1998-06-02 01:43:00	3542
1998-06-02 01:44:00	3564
1998-06-02 01:45:00	3559
1998-06-02 01:46:00	3667
1998-06-02 01:47:00	3571
1998-06-02 01:48:00	3436
1998-06-02 01:49:00	3439
1998-06-02 01:50:00	3103
1998-06-02 01:51:00	3263
1998-06-02 01:52:00	3306
1998-06-02 01:53:00	3379
1998-06-02 01:54:00	3575
1998-06-02 01:55:00	3684
1998-06-02 01:56:00	3468
1998-06-02 01:57:00	3251
1998-06-02 01:58:00	3116
1998-06-02 01:59:00	3150
1998-06-02 02:00:00	3095
1998-06-02 02:01:00	3349
1998-06-02 02:02:00	3060
1998-06-02 02:03:00	3445
1998-06-02 02:04:00	3411
1998-06-02 02:05:00	3216
1998-06-02 02:06:00	3248
1998-06-02 02:07:00	3874
1998-06-02 02:08:00	3127
1998-06-02 02:09:00	3058
1998-06-02 02:10:00	3489
1998-06-02 02:11:00	3540
1998-06-02 02:12:00	3315
1998-06-02 02:13:00	3674
1998-06-02 02:14:00	3769
1998-06-02 02:15:00	3048
1998-06-02 02:16:00	3392
1998-06-02 02:17:00	3381
1998-06-02 02:18:00	3801
1998-06-02 02:19:00	3622
1998-06-02 02:20:00	3613
1998-06-02 02:21:00	3213
1998-06-02 02:22:00	3169
1998-06-02 02:23:00	3051
1998-06-02 02:24:00	3443
1998-06-02 02:25:00	3560
1998-06-02 02:26:00	3741
1998-06-02 02:27:00	3457
1998-06-02 02:28:00	3268
1998-06-02 02:29:00	3712
1998-06-02 02:30:00	3437
1998-06-02 02:31:00	3573
1998-06-02 02:32:00	3709
1998-06-02 02:33:00	3498
1998-06-02 02:34:00	3707
1998-06-02 02:35:00	3613
1998-06-02 02:36:00	3507
1998-06-02 02:37:00	3418
1998-06-02 02:38:00	3339
1998-06-02 02:39:00	3715
1998-06-02 02:40:00	3521
1998-06-02 02:41:00	3744
1998-06-02 02:42:00	3578
1998-06-02 02:43:00	3899
1998-06-02 02:44:00	4091
1998-06-02 02:45:00	4675
1998-06-02 02:46:00	4145
1998-06-02 02:47:00	4419
1998-06-02 02:48:00	3617
1998-06-02 02:49:00	3838
1998-06-02 02:50:00	3639
1998-06-02 02:51:00	3304
1998-06-02 02:52:00	3729
1998-06-02 02:53:00	4006
1998-06-02 02:54:00	3884
1998-06-02 02:55:00	3630
1998-06-02 02:56:00	3869
1998-06-02 02:57:00	3988
1998-06-02 02:58:00	3387
1998-06-02 02:59:00	3473
1998-06-02 03:00:00	3255
1998-06-02 03:01:00	2956
1998-06-02 03:02:00	3434
1998-06-02 03:03:00	2846
1998-06-02 03:04:00	3024
1998-06-02 03:05:00	3403
1998-06-02 03:06:00	3649
1998-06-02 03:07:00	3408
1998-06-02 03:08:00	2877
1998-06-02 03:09:00	3127
1998-06-02 03:10:00	3196
1998-06-02 03:11:00	3470
1998-06-02 03:12:00	3507
1998-06-02 03:13:00	3178
1998-06-02 03:14:00	3801
1998-06-02 03:15:00	3575
1998-06-02 03:16:00	3283
1998-06-02 03:17:00	3136
1998-06-02 03:18:00	3352
1998-06-02 03:19:00	3347
1998-06-02 03:20:00	3534
1998-06-02 03:21:00	3356
1998-06-02 03:22:00	3076
1998-06-02 03:23:00	3350
1998-06-02 03:24:00	3571
1998-06-02 03:25:00	3398
1998-06-02 03:26:00	3422
1998-06-02 03:27:00	3213
1998-06-02 03:28:00	3006
1998-06-02 03:29:00	3183
1998-06-02 03:30:00	3151
1998-06-02 03:31:00	3119
1998-06-02 03:32:00	3275
1998-06-02 03:33:00	3116
1998-06-02 03:34:00	3106
1998-06-02 03:35:00	3221
1998-06-02 03:36:00	3242
1998-06-02 03:37:00	3306
1998-06-02 03:38:00	3512
1998-06-02 03:39:00	3324
1998-06-02 03:40:00	3329
1998-06-02 03:41:00	3623
1998-06-02 03:42:00	3719
1998-06-02 03:43:00	3444
1998-06-02 03:44:00	3715
1998-06-02 03:45:00	3851
1998-06-02 03:46:00	3366
1998-06-02 03:47:00	3246
1998-06-02 03:48:00	3525
1998-06-02 03:49:00	3130
1998-06-02 03:50:00	3309
1998-06-02 03:51:00	3174
1998-06-02 03:52:00	3327
1998-06-02 03:53:00	3235
1998-06-02 03:54:00	3287
1998-06-02 03:55:00	3035
1998-06-02 03:56:00	2932
1998-06-02 03:57:00	3525
1998-06-02 03:58:00	3685
1998-06-02 03:59:00	3649
1998-06-02 04:00:00	3434
1998-06-02 04:01:00	3292
1998-06-02 04:02:00	2898
1998-06-02 04:03:00	2709
1998-06-02 04:04:00	2747
1998-06-02 04:05:00	2992
1998-06-02 04:06:00	3172
1998-06-02 04:07:00	2988
1998-06-02 04:08:00	2922
1998-06-02 04:09:00	2593
1998-06-02 04:10:00	2905
1998-06-02 04:11:00	2881
1998-06-02 04:12:00	3055
1998-06-02 04:13:00	2929
1998-06-02 04:14:00	2965
1998-06-02 04:15:00	2921
1998-06-02 04:16:00	3089
1998-06-02 04:17:00	3172
1998-06-02 04:18:00	2892
1998-06-02 04:19:00	3075
1998-06-02 04:20:00	3479
1998-06-02 04:21:00	2909
1998-06-02 04:22:00	3128
1998-06-02 04:23:00	3283
1998-06-02 04:24:00	3288
1998-06-02 04:25:00	2928
1998-06-02 04:26:00	3046
1998-06-02 04:27:00	3534
1998-06-02 04:28:00	3754
1998-06-02 04:29:00	3505
1998-06-02 04:30:00	3077
1998-06-02 04:31:00	3008
1998-06-02 04:32:00	3431
1998-06-02 04:33:00	3699
1998-06-02 04:34:00	3029
1998-06-02 04:35:00	3128
1998-06-02 04:36:00	3205
1998-06-02 04:37:00	2790
1998-06-02 04:38:00	2915
1998-06-02 04:39:00	3187
1998-06-02 04:40:00	3288
1998-06-02 04:41:00	3248
1998-06-02 04:42:00	2876
1998-06-02 04:43:00	3305
1998-06-02 04:44:00	3292
1998-06-02 04:45:00	3852
1998-06-02 04:46:00	3426
1998-06-02 04:47:00	3207
1998-06-02 04:48:00	3124
1998-06-02 04:49:00	3078
1998-06-02 04:50:00	2751
1998-06-02 04:51:00	2938
1998-06-02 04:52:00	2516
1998-06-02 04:53:00	2643
1998-06-02 04:54:00	2844
1998-06-02 04:55:00	2823
1998-06-02 04:56:00	2980
1998-06-02 04:57:00	3385
1998-06-02 04:58:00	3062
1998-06-02 04:59:00	2979
1998-06-02 05:00:00	3224
1998-06-02 05:01:00	2887
1998-06-02 05:02:00	2999
1998-06-02 05:03:00	3165
1998-06-02 05:04:00	3170
1998-06-02 05:05:00	2794
1998-06-02 05:06:00	3320
1998-06-02 05:07:00	2986
1998-06-02 05:08:00	3192
1998-06-02 05:09:00	3247
1998-06-02 05:10:00	3254
1998-06-02 05:11:00	3073
1998-06-02 05:12:00	3391
1998-06-02 05:13:00	3077
1998-06-02 05:14:00	3404
1998-06-02 05:15:00	3263
1998-06-02 05:16:00	2903
1998-06-02 05:17:00	3115
1998-06-02 05:18:00	2830
1998-06-02 05:19:00	3090
1998-06-02 05:20:00	3328
1998-06-02 05:21:00	2869
1998-06-02 05:22:00	3475
1998-06-02 05:23:00	2890
1998-06-02 05:24:00	3580
1998-06-02 05:25:00	3303
1998-06-02 05:26:00	3044
1998-06-02 05:27:00	2997
1998-06-02 05:28:00	2839
1998-06-02 05:29:00	3360
1998-06-02 05:30:00	3291
1998-06-02 05:31:00	2781
1998-06-02 05:32:00	2733
1998-06-02 05:33:00	2849
1998-06-02 05:34:00	3033
1998-06-02 05:35:00	3071
1998-06-02 05:36:00	3150
1998-06-02 05:37:00	3386
1998-06-02 05:38:00	3212
1998-06-02 05:39:00	3215
1998-06-02 05:40:00	3167
1998-06-02 05:41:00	3185
1998-06-02 05:42:00	2898
1998-06-02 05:43:00	3275
1998-06-02 05:44:00	3111
1998-06-02 05:45:00	3167
1998-06-02 05:46:00	3312
1998-06-02 05:47:00	3169
1998-06-02 05:48:00	3267
1998-06-02 05:49:00	3242
1998-06-02 05:50:00	3378
1998-06-02 05:51:00	3030
1998-06-02 05:52:00	2997
1998-06-02 05:53:00	2993
1998-06-02 05:54:00	2870
1998-06-02 05:55:00	2893
1998-06-02 05:56:00	2958
1998-06-02 05:57:00	3326
1998-06-02 05:58:00	3365
1998-06-02 05:59:00	3339
1998-06-02 06:00:00	3328
1998-06-02 06:01:00	3066
1998-06-02 06:02:00	3452
1998-06-02 06:03:00	3159
1998-06-02 06:04:00	2968
1998-06-02 06:05:00	3101
1998-06-02 06:06:00	3305
1998-06-02 06:07:00	3493
1998-06-02 06:08:00	3875
1998-06-02 06:09:00	3497
1998-06-02 06:10:00	3771
1998-06-02 06:11:00	3352
1998-06-02 06:12:00	3158
1998-06-02 06:13:00	3350
1998-06-02 06:14:00	3170
1998-06-02 06:15:00	3393
1998-06-02 06:16:00	3630
1998-06-02 06:17:00	3012
1998-06-02 06:18:00	3464
1998-06-02 06:19:00	3574
1998-06-02 06:20:00	3228
1998-06-02 06:21:00	3456
1998-06-02 06:22:00	3232
1998-06-02 06:23:00	3658
1998-06-02 06:24:00	3529
1998-06-02 06:25:00	3153
1998-06-02 06:26:00	3504
1998-06-02 06:27:00	3816
1998-06-02 06:28:00	3956
1998-06-02 06:29:00	3881
1998-06-02 06:30:00	3964
1998-06-02 06:31:00	3976
1998-06-02 06:32:00	3743
1998-06-02 06:33:00	3583
1998-06-02 06:34:00	3477
1998-06-02 06:35:00	3592
1998-06-02 06:36:00	3633
1998-06-02 06:37:00	3533
1998-06-02 06:38:00	3850
1998-06-02 06:39:00	3095
1998-06-02 06:40:00	3060
1998-06-02 06:41:00	3658
1998-06-02 06:42:00	3464
1998-06-02 06:43:00	3500
1998-06-02 06:44:00	3309
1998-06-02 06:45:00	3327
1998-06-02 06:46:00	3553
1998-06-02 06:47:00	3734
1998-06-02 06:48:00	3798
1998-06-02 06:49:00	4114
1998-06-02 06:50:00	3827
1998-06-02 06:51:00	3865
1998-06-02 06:52:00	4145
1998-06-02 06:53:00	3962
1998-06-02 06:54:00	3873
1998-06-02 06:55:00	3560
1998-06-02 06:56:00	3716
1998-06-02 06:57:00	3527
1998-06-02 06:58:00	3875
1998-06-02 06:59:00	3607
1998-06-02 07:00:00	3838
1998-06-02 07:01:00	3691
1998-06-02 07:02:00	3463
1998-06-02 07:03:00	3872
1998-06-02 07:04:00	3652
1998-06-02 07:05:00	3522
1998-06-02 07:06:00	3470
1998-06-02 07:07:00	3535
1998-06-02 07:08:00	3722
1998-06-02 07:09:00	3640
1998-06-02 07:10:00	3302
1998-06-02 07:11:00	3582
1998-06-02 07:12:00	3593
1998-06-02 07:13:00	3637
1998-06-02 07:14:00	4076
1998-06-02 07:15:00	3587
1998-06-02 07:16:00	3490
1998-06-02 07:17:00	3188
1998-06-02 07:18:00	3829
1998-06-02 07:19:00	4601
1998-06-02 07:20:00	4331
1998-06-02 07:21:00	4608
1998-06-02 07:22:00	4088
1998-06-02 07:23:00	3705
1998-06-02 07:24:00	3851
1998-06-02 07:25:00	4597
1998-06-02 07:26:00	4368
1998-06-02 07:27:00	3973
1998-06-02 07:28:00	3943
1998-06-02 07:29:00	3817
1998-06-02 07:30:00	3616
1998-06-02 07:31:00	3837
1998-06-02 07:32:00	3899
1998-06-02 07:33:00	3897
1998-06-02 07:34:00	3626
1998-06-02 07:35:00	3948
1998-06-02 07:36:00	4402
1998-06-02 07:37:00	4647
1998-06-02 07:38:00	4334
1998-06-02 07:39:00	4339
1998-06-02 07:40:00	4146
1998-06-02 07:41:00	3971
1998-06-02 07:42:00	4128
1998-06-02 07:43:00	4039
1998-06-02 07:44:00	3728
1998-06-02 07:45:00	4255
1998-06-02 07:46:00	3975
1998-06-02 07:47:00	4072
1998-06-02 07:48:00	3647
1998-06-02 07:49:00	4763
1998-06-02 07:50:00	4366
1998-06-02 07:51:00	4342
1998-06-02 07:52:00	4722
1998-06-02 07:53:00	4577
1998-06-02 07:54:00	4262
1998-06-02 07:55:00	4335
1998-06-02 07:56:00	4462
1998-06-02 07:57:00	4906
1998-06-02 07:58:00	4640
1998-06-02 07:59:00	4363
1998-06-02 08:00:00	4449
1998-06-02 08:01:00	4145
1998-06-02 08:02:00	4178
1998-06-02 08:03:00	4673
1998-06-02 08:04:00	4113
1998-06-02 08:05:00	4510
1998-06-02 08:06:00	4344
1998-06-02 08:07:00	4838
1998-06-02 08:08:00	5181
1998-06-02 08:09:00	4474
1998-06-02 08:10:00	4318
1998-06-02 08:11:00	4551
1998-06-02 08:12:00	4746
1998-06-02 08:13:00	4218
1998-06-02 08:14:00	4209
1998-06-02 08:15:00	4233
1998-06-02 08:16:00	4260
1998-06-02 08:17:00	4197
1998-06-02 08:18:00	4252
1998-06-02 08:19:00	4418
1998-06-02 08:20:00	4167
1998-06-02 08:21:00	4369
1998-06-02 08:22:00	4077
1998-06-02 08:23:00	4544
1998-06-02 08:24:00	4185
1998-06-02 08:25:00	4717
1998-06-02 08:26:00	4226
1998-06-02 08:27:00	4643
1998-06-02 08:28:00	4596
1998-06-02 08:29:00	4596
1998-06-02 08:30:00	4449
1998-06-02 08:31:00	4395
1998-06-02 08:32:00	4813
1998-06-02 08:33:00	4953
1998-06-02 08:34:00	4931
1998-06-02 08:35:00	5063
1998-06-02 08:36:00	4667
1998-06-02 08:37:00	4302
1998-06-02 08:38:00	4309
1998-06-02 08:39:00	4256
1998-06-02 08:40:00	4252
1998-06-02 08:41:00	4260
1998-06-02 08:42:00	4311
1998-06-02 08:43:00	4384
1998-06-02 08:44:00	4478
1998-06-02 08:45:00	4549
1998-06-02 08:46:00	5094
1998-06-02 08:47:00	4850
1998-06-02 08:48:00	4868
1998-06-02 08:49:00	4797
1998-06-02 08:50:00	4379
1998-06-02 08:51:00	4631
1998-06-02 08:52:00	4526
1998-06-02 08:53:00	4142
1998-06-02 08:54:00	3845
1998-06-02 08:55:00	4207
1998-06-02 08:56:00	4408
1998-06-02 08:57:00	4914
1998-06-02 08:58:00	5002
1998-06-02 08:59:00	4895
1998-06-02 09:00:00	5026
1998-06-02 09:01:00	4743
1998-06-02 09:02:00	5466
1998-06-02 09:03:00	5372
1998-06-02 09:04:00	5254
1998-06-02 09:05:00	4862
1998-06-02 09:06:00	4547
1998-06-02 09:07:00	4190
1998-06-02 09:08:00	4558
1998-06-02 09:09:00	5075
1998-06-02 09:10:00	4494
1998-06-02 09:11:00	4840
1998-06-02 09:12:00	5371
1998-06-02 09:13:00	4965
1998-06-02 09:14:00	4957
1998-06-02 09:15:00	4800
1998-06-02 09:16:00	4771
1998-06-02 09:17:00	4933
1998-06-02 09:18:00	4634
1998-06-02 09:19:00	4777
1998-06-02 09:20:00	4939
1998-06-02 09:21:00	5153
1998-06-02 09:22:00	5104
1998-06-02 09:23:00	4807
1998-06-02 09:24:00	5130
1998-06-02 09:25:00	5120
1998-06-02 09:26:00	5554
1998-06-02 09:27:00	5459
1998-06-02 09:28:00	5172
1998-06-02 09:29:00	4975
1998-06-02 09:30:00	5064
1998-06-02 09:31:00	4647
1998-06-02 09:32:00	5356
1998-06-02 09:33:00	5036
1998-06-02 09:34:00	4853
1998-06-02 09:35:00	4698
1998-06-02 09:36:00	4355
1998-06-02 09:37:00	4860
1998-06-02 09:38:00	5225
1998-06-02 09:39:00	4605
1998-06-02 09:40:00	5085
1998-06-02 09:41:00	5188
1998-06-02 09:42:00	5198
1998-06-02 09:43:00	5075
1998-06-02 09:44:00	5448
1998-06-02 09:45:00	4807
1998-06-02 09:46:00	4689
1998-06-02 09:47:00	4762
1998-06-02 09:48:00	4953
1998-06-02 09:49:00	5202
1998-06-02 09:50:00	5123
1998-06-02 09:51:00	4921
1998-06-02 09:52:00	5487
1998-06-02 09:53:00	5177
1998-06-02 09:54:00	4404
1998-06-02 09:55:00	4647
1998-06-02 09:56:00	4747
1998-06-02 09:57:00	4896
1998-06-02 09:58:00	4904
1998-06-02 09:59:00	5301
1998-06-02 10:00:00	5257
1998-06-02 10:01:00	4675
1998-06-02 10:02:00	4570
1998-06-02 10:03:00	5137
1998-06-02 10:04:00	5635
1998-06-02 10:05:00	5248
1998-06-02 10:06:00	5376
1998-06-02 10:07:00	4790
1998-06-02 10:08:00	5247
1998-06-02 10:09:00	5128
1998-06-02 10:10:00	5252
1998-06-02 10:11:00	5187
1998-06-02 10:12:00	4890
1998-06-02 10:13:00	4797
1998-06-02 10:14:00	4957
1998-06-02 10:15:00	5256
1998-06-02 10:16:00	5346
1998-06-02 10:17:00	5597
1998-06-02 10:18:00	5292
1998-06-02 10:19:00	5113
1998-06-02 10:20:00	5128
1998-06-02 10:21:00	4677
1998-06-02 10:22:00	5438
1998-06-02 10:23:00	5182
1998-06-02 10:24:00	5142
1998-06-02 10:25:00	5069
1998-06-02 10:26:00	5585
1998-06-02 10:27:00	4865
1998-06-02 10:28:00	5000
1998-06-02 10:29:00	4754
1998-06-02 10:30:00	5195
1998-06-02 10:31:00	4843
1998-06-02 10:32:00	4785
1998-06-02 10:33:00	4840
1998-06-02 10:34:00	5154
1998-06-02 10:35:00	5226
1998-06-02 10:36:00	5371
1998-06-02 10:37:00	5907
1998-06-02 10:38:00	5881
1998-06-02 10:39:00	5845
1998-06-02 10:40:00	5890
1998-06-02 10:41:00	5578
1998-06-02 10:42:00	6624
1998-06-02 10:43:00	5858
1998-06-02 10:44:00	5762
1998-06-02 10:45:00	5807
1998-06-02 10:46:00	6383
1998-06-02 10:47:00	6168
1998-06-02 10:48:00	6140
1998-06-02 10:49:00	5840
1998-06-02 10:50:00	6096
1998-06-02 10:51:00	6572
1998-06-02 10:52:00	5625
1998-06-02 10:53:00	6399
1998-06-02 10:54:00	6397
1998-06-02 10:55:00	5979
1998-06-02 10:56:00	5571
1998-06-02 10:57:00	5629
1998-06-02 10:58:00	6607
1998-06-02 10:59:00	5570
1998-06-02 11:00:00	6140
1998-06-02 11:01:00	5494
1998-06-02 11:02:00	5222
1998-06-02 11:03:00	5957
1998-06-02 11:04:00	6763
1998-06-02 11:05:00	6629
1998-06-02 11:06:00	6206
1998-06-02 11:07:00	6045
1998-06-02 11:08:00	6131
1998-06-02 11:09:00	5857
1998-06-02 11:10:00	6710
1998-06-02 11:11:00	6478
1998-06-02 11:12:00	6713
1998-06-02 11:13:00	6580
1998-06-02 11:14:00	5741
1998-06-02 11:15:00	5847
1998-06-02 11:16:00	6169
1998-06-02 11:17:00	6027
1998-06-02 11:18:00	6516
1998-06-02 11:19:00	6481
1998-06-02 11:20:00	6229
1998-06-02 11:21:00	6247
1998-06-02 11:22:00	6094
1998-06-02 11:23:00	5985
1998-06-02 11:24:00	5769
1998-06-02 11:25:00	4638
1998-06-02 11:26:00	5636
1998-06-02 11:27:00	6404
1998-06-02 11:28:00	5954
1998-06-02 11:29:00	6262
1998-06-02 11:30:00	6682
1998-06-02 11:31:00	7300
1998-06-02 11:32:00	6385
1998-06-02 11:33:00	6468
1998-06-02 11:34:00	6145
1998-06-02 11:35:00	5996
1998-06-02 11:36:00	5924
1998-06-02 11:37:00	5958
1998-06-02 11:38:00	6640
1998-06-02 11:39:00	6142
1998-06-02 11:40:00	6413
1998-06-02 11:41:00	6604
1998-06-02 11:42:00	6654
1998-06-02 11:43:00	6651
1998-06-02 11:44:00	6444
1998-06-02 11:45:00	6128
1998-06-02 11:46:00	5705
1998-06-02 11:47:00	5710
1998-06-02 11:48:00	6681
1998-06-02 11:49:00	6924
1998-06-02 11:50:00	6246
1998-06-02 11:51:00	6479
1998-06-02 11:52:00	6812
1998-06-02 11:53:00	6639
1998-06-02 11:54:00	6035
1998-06-02 11:55:00	6186
1998-06-02 11:56:00	6494
1998-06-02 11:57:00	6144
1998-06-02 11:58:00	5933
1998-06-02 11:59:00	6243
1998-06-02 12:00:00	5987
1998-06-02 12:01:00	5552
1998-06-02 12:02:00	5978
1998-06-02 12:03:00	6227
1998-06-02 12:04:00	6337
1998-06-02 12:05:00	6864
1998-06-02 12:06:00	6814
1998-06-02 12:07:00	6176
1998-06-02 12:08:00	6472
1998-06-02 12:09:00	6446
1998-06-02 12:10:00	6309
1998-06-02 12:11:00	6490
1998-06-02 12:12:00	6228
1998-06-02 12:13:00	6486
1998-06-02 12:14:00	6728
1998-06-02 12:15:00	6332
1998-06-02 12:16:00	6239
1998-06-02 12:17:00	5981
1998-06-02 12:18:00	6727
1998-06-02 12:19:00	7015
1998-06-02 12:20:00	6893
1998-06-02 12:21:00	6762
1998-06-02 12:22:00	6828
1998-06-02 12:23:00	6870
1998-06-02 12:24:00	5962
1998-06-02 12:25:00	6243
1998-06-02 12:26:00	6577
1998-06-02 12:27:00	6718
1998-06-02 12:28:00	6466
1998-06-02 12:29:00	6269
1998-06-02 12:30:00	6282
1998-06-02 12:31:00	6409
1998-06-02 12:32:00	6710
1998-06-02 12:33:00	6364
1998-06-02 12:34:00	6596
1998-06-02 12:35:00	6269
1998-06-02 12:36:00	6477
1998-06-02 12:37:00	6952
1998-06-02 12:38:00	7012
1998-06-02 12:39:00	7201
1998-06-02 12:40:00	6195
1998-06-02 12:41:00	6796
1998-06-02 12:42:00	6694
1998-06-02 12:43:00	6957
1998-06-02 12:44:00	6647
1998-06-02 12:45:00	7329
1998-06-02 12:46:00	6934
1998-06-02 12:47:00	7062
1998-06-02 12:48:00	7044
1998-06-02 12:49:00	6414
1998-06-02 12:50:00	6780
1998-06-02 12:51:00	7140
1998-06-02 12:52:00	6463
1998-06-02 12:53:00	6616
1998-06-02 12:54:00	6614
1998-06-02 12:55:00	6905
1998-06-02 12:56:00	6591
1998-06-02 12:57:00	6340
1998-06-02 12:58:00	6117
1998-06-02 12:59:00	6575
1998-06-02 13:00:00	6790
1998-06-02 13:01:00	6544
1998-06-02 13:02:00	6599
1998-06-02 13:03:00	6620
1998-06-02 13:04:00	6487
1998-06-02 13:05:00	5966
1998-06-02 13:06:00	6191
1998-06-02 13:07:00	6143
1998-06-02 13:08:00	6146
1998-06-02 13:09:00	5986
1998-06-02 13:10:00	6053
1998-06-02 13:11:00	6194
1998-06-02 13:12:00	5958
1998-06-02 13:13:00	6558
1998-06-02 13:14:00	6968
1998-06-02 13:15:00	7059
1998-06-02 13:16:00	6791
1998-06-02 13:17:00	7053
1998-06-02 13:18:00	7068
1998-06-02 13:19:00	7063
1998-06-02 13:20:00	6621
1998-06-02 13:21:00	6526
1998-06-02 13:22:00	6817
1998-06-02 13:23:00	7042
1998-06-02 13:24:00	6873
1998-06-02 13:25:00	7037
1998-06-02 13:26:00	6687
1998-06-02 13:27:00	7204
1998-06-02 13:28:00	6658
1998-06-02 13:29:00	6904
1998-06-02 13:30:00	6584
1998-06-02 13:31:00	6221
1998-06-02 13:32:00	6659
1998-06-02 13:33:00	6584
1998-06-02 13:34:00	7248
1998-06-02 13:35:00	6654
1998-06-02 13:36:00	7143
1998-06-02 13:37:00	6533
1998-06-02 13:38:00	6262
1998-06-02 13:39:00	6943
1998-06-02 13:40:00	6483
1998-06-02 13:41:00	7537
1998-06-02 13:42:00	7202
1998-06-02 13:43:00	7047
1998-06-02 13:44:00	6627
1998-06-02 13:45:00	6377
1998-06-02 13:46:00	6450
1998-06-02 13:47:00	6944
1998-06-02 13:48:00	6950
1998-06-02 13:49:00	6768
1998-06-02 13:50:00	6247
1998-06-02 13:51:00	6573
1998-06-02 13:52:00	6313
1998-06-02 13:53:00	7134
1998-06-02 13:54:00	6565
1998-06-02 13:55:00	7417
1998-06-02 13:56:00	7088
1998-06-02 13:57:00	6406
1998-06-02 13:58:00	6776
1998-06-02 13:59:00	6104
1998-06-02 14:00:00	6703
1998-06-02 14:01:00	7245
1998-06-02 14:02:00	6172
1998-06-02 14:03:00	6880
1998-06-02 14:04:00	7314
1998-06-02 14:05:00	6551
1998-06-02 14:06:00	6759
1998-06-02 14:07:00	6927
1998-06-02 14:08:00	7003
1998-06-02 14:09:00	7399
1998-06-02 14:10:00	6948
1998-06-02 14:11:00	6473
1998-06-02 14:12:00	6238
1998-06-02 14:13:00	5580
1998-06-02 14:14:00	6157
1998-06-02 14:15:00	7045
1998-06-02 14:16:00	7131
1998-06-02 14:17:00	6863
1998-06-02 14:18:00	7385
1998-06-02 14:19:00	7884
1998-06-02 14:20:00	7420
1998-06-02 14:21:00	8042
1998-06-02 14:22:00	6989
1998-06-02 14:23:00	6495
1998-06-02 14:24:00	7406
1998-06-02 14:25:00	6873
1998-06-02 14:26:00	6005
1998-06-02 14:27:00	5927
1998-06-02 14:28:00	7258
1998-06-02 14:29:00	8962
1998-06-02 14:30:00	6930
1998-06-02 14:31:00	6978
1998-06-02 14:32:00	7359
1998-06-02 14:33:00	7388
1998-06-02 14:34:00	7036
1998-06-02 14:35:00	6237
1998-06-02 14:36:00	6165
1998-06-02 14:37:00	7338
1998-06-02 14:38:00	7125
1998-06-02 14:39:00	7289
1998-06-02 14:40:00	7418
1998-06-02 14:41:00	7001
1998-06-02 14:42:00	7755
1998-06-02 14:43:00	6828
1998-06-02 14:44:00	7289
1998-06-02 14:45:00	7039
1998-06-02 14:46:00	6698
1998-06-02 14:47:00	7026
1998-06-02 14:48:00	7567
1998-06-02 14:49:00	8109
1998-06-02 14:50:00	7638
1998-06-02 14:51:00	7325
1998-06-02 14:52:00	7487
1998-06-02 14:53:00	7608
1998-06-02 14:54:00	6739
1998-06-02 14:55:00	7223
1998-06-02 14:56:00	6563
1998-06-02 14:57:00	6927
1998-06-02 14:58:00	6709
1998-06-02 14:59:00	7431
1998-06-02 15:00:00	7592
1998-06-02 15:01:00	7064
1998-06-02 15:02:00	6481
1998-06-02 15:03:00	7068
1998-06-02 15:04:00	7245
1998-06-02 15:05:00	6728
1998-06-02 15:06:00	6478
1998-06-02 15:07:00	6706
1998-06-02 15:08:00	7051
1998-06-02 15:09:00	7086
1998-06-02 15:10:00	6583
1998-06-02 15:11:00	6718
1998-06-02 15:12:00	6724
1998-06-02 15:13:00	7202
1998-06-02 15:14:00	6458
1998-06-02 15:15:00	7162
1998-06-02 15:16:00	7291
1998-06-02 15:17:00	6801
1998-06-02 15:18:00	6611
1998-06-02 15:19:00	6611
1998-06-02 15:20:00	7200
1998-06-02 15:21:00	7244
1998-06-02 15:22:00	6813
1998-06-02 15:23:00	7010
1998-06-02 15:24:00	6808
1998-06-02 15:25:00	7667
1998-06-02 15:26:00	7528
1998-06-02 15:27:00	7382
1998-06-02 15:28:00	7358
1998-06-02 15:29:00	7283
1998-06-02 15:30:00	7268
1998-06-02 15:31:00	7124
1998-06-02 15:32:00	6628
1998-06-02 15:33:00	6656
1998-06-02 15:34:00	6758
1998-06-02 15:35:00	7034
1998-06-02 15:36:00	6771
1998-06-02 15:37:00	6597
1998-06-02 15:38:00	7238
1998-06-02 15:39:00	6757
1998-06-02 15:40:00	7283
1998-06-02 15:41:00	7158
1998-06-02 15:42:00	6894
1998-06-02 15:43:00	7124
1998-06-02 15:44:00	6898
1998-06-02 15:45:00	6318
1998-06-02 15:46:00	6463
1998-06-02 15:47:00	6866
1998-06-02 15:48:00	7424
1998-06-02 15:49:00	7028
1998-06-02 15:50:00	7226
1998-06-02 15:51:00	7397
1998-06-02 15:52:00	7570
1998-06-02 15:53:00	7104
1998-06-02 15:54:00	7309
1998-06-02 15:55:00	6962
1998-06-02 15:56:00	7068
1998-06-02 15:57:00	6850
1998-06-02 15:58:00	6808
1998-06-02 15:59:00	7142
1998-06-02 16:00:00	7267
1998-06-02 16:01:00	6802
1998-06-02 16:02:00	6744
1998-06-02 16:03:00	6920
1998-06-02 16:04:00	7188
1998-06-02 16:05:00	6684
1998-06-02 16:06:00	7658
1998-06-02 16:07:00	7489
1998-06-02 16:08:00	6669
1998-06-02 16:09:00	6855
1998-06-02 16:10:00	7104
1998-06-02 16:11:00	6923
1998-06-02 16:12:00	7214
1998-06-02 16:13:00	6732
1998-06-02 16:14:00	6188
1998-06-02 16:15:00	6658
1998-06-02 16:16:00	6978
1998-06-02 16:17:00	6993
1998-06-02 16:18:00	7127
1998-06-02 16:19:00	7285
1998-06-02 16:20:00	7269
1998-06-02 16:21:00	7041
1998-06-02 16:22:00	6700
1998-06-02 16:23:00	6450
1998-06-02 16:24:00	7250
1998-06-02 16:25:00	7422
1998-06-02 16:26:00	7995
1998-06-02 16:27:00	6864
1998-06-02 16:28:00	6999
1998-06-02 16:29:00	6873
1998-06-02 16:30:00	6977
1998-06-02 16:31:00	7458
1998-06-02 16:32:00	7502
1998-06-02 16:33:00	7255
1998-06-02 16:34:00	6724
1998-06-02 16:35:00	7080
1998-06-02 16:36:00	6732
1998-06-02 16:37:00	6118
1998-06-02 16:38:00	6263
1998-06-02 16:39:00	6276
1998-06-02 16:40:00	6916
1998-06-02 16:41:00	6626
1998-06-02 16:42:00	6566
1998-06-02 16:43:00	7153
1998-06-02 16:44:00	6336
1998-06-02 16:45:00	6201
1998-06-02 16:46:00	6492
1998-06-02 16:47:00	6864
1998-06-02 16:48:00	6662
1998-06-02 16:49:00	6736
1998-06-02 16:50:00	7549
1998-06-02 16:51:00	7696
1998-06-02 16:52:00	6753
1998-06-02 16:53:00	7288
1998-06-02 16:54:00	7099
1998-06-02 16:55:00	6590
1998-06-02 16:56:00	7139
1998-06-02 16:57:00	6804
1998-06-02 16:58:00	5635
1998-06-02 16:59:00	6261
1998-06-02 17:00:00	6429
1998-06-02 17:01:00	6641
1998-06-02 17:02:00	5442
1998-06-02 17:03:00	6042
1998-06-02 17:04:00	5886
1998-06-02 17:05:00	6260
1998-06-02 17:06:00	6107
1998-06-02 17:07:00	6567
1998-06-02 17:08:00	6835
1998-06-02 17:09:00	6666
1998-06-02 17:10:00	7171
1998-06-02 17:11:00	6988
1998-06-02 17:12:00	6431
1998-06-02 17:13:00	6645
1998-06-02 17:14:00	6215
1998-06-02 17:15:00	5970
1998-06-02 17:16:00	6177
1998-06-02 17:17:00	6018
1998-06-02 17:18:00	6222
1998-06-02 17:19:00	5956
1998-06-02 17:20:00	5896
1998-06-02 17:21:00	6261
1998-06-02 17:22:00	5768
1998-06-02 17:23:00	6609
1998-06-02 17:24:00	7193
1998-06-02 17:25:00	6434
1998-06-02 17:26:00	6375
1998-06-02 17:27:00	5956
1998-06-02 17:28:00	6526
1998-06-02 17:29:00	6712
1998-06-02 17:30:00	6681
1998-06-02 17:31:00	7030
1998-06-02 17:32:00	6563
1998-06-02 17:33:00	5959
1998-06-02 17:34:00	6117
1998-06-02 17:35:00	6504
1998-06-02 17:36:00	6240
1998-06-02 17:37:00	6714
1998-06-02 17:38:00	6214
1998-06-02 17:39:00	5663
1998-06-02 17:40:00	6264
1998-06-02 17:41:00	6469
1998-06-02 17:42:00	6529
1998-06-02 17:43:00	6471
1998-06-02 17:44:00	6521
1998-06-02 17:45:00	7142
1998-06-02 17:46:00	6368
1998-06-02 17:47:00	5824
1998-06-02 17:48:00	4471
1998-06-02 17:49:00	5759
1998-06-02 17:50:00	6815
1998-06-02 17:51:00	6438
1998-06-02 17:52:00	5744
1998-06-02 17:53:00	6729
1998-06-02 17:54:00	6364
1998-06-02 17:55:00	5985
1998-06-02 17:56:00	5953
1998-06-02 17:57:00	6217
1998-06-02 17:58:00	6339
1998-06-02 17:59:00	6381
1998-06-02 18:00:00	6654
1998-06-02 18:01:00	6492
1998-06-02 18:02:00	6119
1998-06-02 18:03:00	6336
1998-06-02 18:04:00	5918
1998-06-02 18:05:00	5825
1998-06-02 18:06:00	6482
1998-06-02 18:07:00	5579
1998-06-02 18:08:00	5683
1998-06-02 18:09:00	6229
1998-06-02 18:10:00	5982
1998-06-02 18:11:00	5519
1998-06-02 18:12:00	5733
1998-06-02 18:13:00	6779
1998-06-02 18:14:00	6468
1998-06-02 18:15:00	6607
1998-06-02 18:16:00	6673
1998-06-02 18:17:00	6040
1998-06-02 18:18:00	5903
1998-06-02 18:19:00	5827
1998-06-02 18:20:00	5945
1998-06-02 18:21:00	6143
1998-06-02 18:22:00	6541
1998-06-02 18:23:00	6109
1998-06-02 18:24:00	6069
1998-06-02 18:25:00	5784
1998-06-02 18:26:00	6013
1998-06-02 18:27:00	6084
1998-06-02 18:28:00	6052
1998-06-02 18:29:00	6494
1998-06-02 18:30:00	5791
1998-06-02 18:31:00	5729
1998-06-02 18:32:00	5675
1998-06-02 18:33:00	6207
1998-06-02 18:34:00	6309
1998-06-02 18:35:00	6533
1998-06-02 18:36:00	6504
1998-06-02 18:37:00	5944
1998-06-02 18:38:00	6516
1998-06-02 18:39:00	6778
1998-06-02 18:40:00	6967
1998-06-02 18:41:00	6108
1998-06-02 18:42:00	6225
1998-06-02 18:43:00	5990
1998-06-02 18:44:00	5922
1998-06-02 18:45:00	5765
1998-06-02 18:46:00	5792
1998-06-02 18:47:00	6352
1998-06-02 18:48:00	6521
1998-06-02 18:49:00	6892
1998-06-02 18:50:00	6007
1998-06-02 18:51:00	6102
1998-06-02 18:52:00	5783
1998-06-02 18:53:00	5751
1998-06-02 18:54:00	5711
1998-06-02 18:55:00	6250
1998-06-02 18:56:00	6363
1998-06-02 18:57:00	6027
1998-06-02 18:58:00	6402
1998-06-02 18:59:00	6133
1998-06-02 19:00:00	6678
1998-06-02 19:01:00	6751
1998-06-02 19:02:00	6401
1998-06-02 19:03:00	6724
1998-06-02 19:04:00	6172
1998-06-02 19:05:00	6194
1998-06-02 19:06:00	5711
1998-06-02 19:07:00	6468
1998-06-02 19:08:00	5791
1998-06-02 19:09:00	5513
1998-06-02 19:10:00	5572
1998-06-02 19:11:00	5887
1998-06-02 19:12:00	5585
1998-06-02 19:13:00	5636
1998-06-02 19:14:00	6046
1998-06-02 19:15:00	6541
1998-06-02 19:16:00	6255
1998-06-02 19:17:00	6512
1998-06-02 19:18:00	5986
1998-06-02 19:19:00	6425
1998-06-02 19:20:00	6403
1998-06-02 19:21:00	6474
1998-06-02 19:22:00	6113
1998-06-02 19:23:00	5775
1998-06-02 19:24:00	5939
1998-06-02 19:25:00	6238
1998-06-02 19:26:00	5912
1998-06-02 19:27:00	6005
1998-06-02 19:28:00	6524
1998-06-02 19:29:00	5768
1998-06-02 19:30:00	6290
1998-06-02 19:31:00	5810
1998-06-02 19:32:00	5949
1998-06-02 19:33:00	5847
1998-06-02 19:34:00	6281
1998-06-02 19:35:00	5963
1998-06-02 19:36:00	5702
1998-06-02 19:37:00	6626
1998-06-02 19:38:00	6035
1998-06-02 19:39:00	6576
1998-06-02 19:40:00	5986
1998-06-02 19:41:00	6123
1998-06-02 19:42:00	5556
1998-06-02 19:43:00	5552
1998-06-02 19:44:00	5471
1998-06-02 19:45:00	5390
1998-06-02 19:46:00	5287
1998-06-02 19:47:00	5811
1998-06-02 19:48:00	5934
1998-06-02 19:49:00	6098
1998-06-02 19:50:00	6867
1998-06-02 19:51:00	6096
1998-06-02 19:52:00	5985
1998-06-02 19:53:00	6101
1998-06-02 19:54:00	5955
1998-06-02 19:55:00	6102
1998-06-02 19:56:00	5997
1998-06-02 19:57:00	6747
1998-06-02 19:58:00	6374
1998-06-02 19:59:00	6247
1998-06-02 20:00:00	6707
1998-06-02 20:01:00	6901
1998-06-02 20:02:00	6675
1998-06-02 20:03:00	6279
1998-06-02 20:04:00	6581
1998-06-02 20:05:00	6092
1998-06-02 20:06:00	6063
1998-06-02 20:07:00	6460
1998-06-02 20:08:00	6505
1998-06-02 20:09:00	6076
1998-06-02 20:10:00	6130
1998-06-02 20:11:00	6326
1998-06-02 20:12:00	6646
1998-06-02 20:13:00	6453
1998-06-02 20:14:00	6236
1998-06-02 20:15:00	6440
1998-06-02 20:16:00	6365
1998-06-02 20:17:00	6214
1998-06-02 20:18:00	5599
1998-06-02 20:19:00	5942
1998-06-02 20:20:00	6223
1998-06-02 20:21:00	5964
1998-06-02 20:22:00	5963
1998-06-02 20:23:00	6238
1998-06-02 20:24:00	5815
1998-06-02 20:25:00	4994
1998-06-02 20:26:00	5455
1998-06-02 20:27:00	5931
1998-06-02 20:28:00	6296
1998-06-02 20:29:00	5909
1998-06-02 20:30:00	6049
1998-06-02 20:31:00	5734
1998-06-02 20:32:00	5816
1998-06-02 20:33:00	5895
1998-06-02 20:34:00	6052
1998-06-02 20:35:00	6173
1998-06-02 20:36:00	6482
1998-06-02 20:37:00	5644
1998-06-02 20:38:00	5771
1998-06-02 20:39:00	5852
1998-06-02 20:40:00	5754
1998-06-02 20:41:00	5678
1998-06-02 20:42:00	5680
1998-06-02 20:43:00	5758
1998-06-02 20:44:00	5531
1998-06-02 20:45:00	5299
1998-06-02 20:46:00	5576
1998-06-02 20:47:00	5773
1998-06-02 20:48:00	5592
1998-06-02 20:49:00	5674
1998-06-02 20:50:00	5683
1998-06-02 20:51:00	5328
1998-06-02 20:52:00	5512
1998-06-02 20:53:00	5504
1998-06-02 20:54:00	5366
1998-06-02 20:55:00	5928
1998-06-02 20:56:00	6315
1998-06-02 20:57:00	5984
1998-06-02 20:58:00	5489
1998-06-02 20:59:00	5034
1998-06-02 21:00:00	5051
1998-06-02 21:01:00	5403
1998-06-02 21:02:00	5844
1998-06-02 21:03:00	5567
1998-06-02 21:04:00	5409
1998-06-02 21:05:00	5075
1998-06-02 21:06:00	5574
1998-06-02 21:07:00	4948
1998-06-02 21:08:00	5402
1998-06-02 21:09:00	5820
1998-06-02 21:10:00	5886
1998-06-02 21:11:00	5633
1998-06-02 21:12:00	5607
1998-06-02 21:13:00	5238
1998-06-02 21:14:00	5199
1998-06-02 21:15:00	5833
1998-06-02 21:16:00	5293
1998-06-02 21:17:00	5721
1998-06-02 21:18:00	5499
1998-06-02 21:19:00	5536
1998-06-02 21:20:00	5026
1998-06-02 21:21:00	5784
1998-06-02 21:22:00	5705
1998-06-02 21:23:00	5370
1998-06-02 21:24:00	5469
1998-06-02 21:25:00	5487
1998-06-02 21:26:00	5142
1998-06-02 21:27:00	4813
1998-06-02 21:28:00	5152
1998-06-02 21:29:00	4831
1998-06-02 21:30:00	4720
1998-06-02 21:31:00	4950
1998-06-02 21:32:00	5271
1998-06-02 21:33:00	4956
1998-06-02 21:34:00	4973
1998-06-02 21:35:00	5251
1998-06-02 21:36:00	5802
1998-06-02 21:37:00	5332
1998-06-02 21:38:00	5289
1998-06-02 21:39:00	4960
1998-06-02 21:40:00	5105
1998-06-02 21:41:00	4799
1998-06-02 21:42:00	4982
1998-06-02 21:43:00	5006
1998-06-02 21:44:00	5033
1998-06-02 21:45:00	5179
1998-06-02 21:46:00	4914
1998-06-02 21:47:00	4957
1998-06-02 21:48:00	5488
1998-06-02 21:49:00	5459
1998-06-02 21:50:00	5522
1998-06-02 21:51:00	5918
1998-06-02 21:52:00	5324
1998-06-02 21:53:00	5306
1998-06-02 21:54:00	4867
1998-06-02 21:55:00	4657
1998-06-02 21:56:00	5087
1998-06-02 21:57:00	5085
1998-06-02 21:58:00	4481
1998-06-02 21:59:00	4558
1998-06-01 22:00:00	2817
1998-06-02 22:00:00	13
1998-06-01 22:01:00	3976
1998-06-01 22:02:00	3813
1998-06-01 22:03:00	3409
1998-06-01 22:04:00	3551
1998-06-01 22:05:00	3602
1998-06-01 22:06:00	3975
1998-06-01 22:07:00	3940
1998-06-01 22:08:00	3453
1998-06-01 22:09:00	3408
1998-06-01 22:10:00	3762
1998-06-01 22:11:00	3771
1998-06-01 22:12:00	3867
1998-06-01 22:13:00	3474
1998-06-01 22:14:00	3499
1998-06-01 22:15:00	3662
1998-06-01 22:16:00	3783
1998-06-01 22:17:00	4051
1998-06-01 22:18:00	4306
1998-06-01 22:19:00	4305
1998-06-01 22:20:00	3908
1998-06-01 22:21:00	3696
1998-06-01 22:22:00	4221
1998-06-01 22:23:00	4528
1998-06-01 22:24:00	4045
1998-06-01 22:25:00	3535
1998-06-01 22:26:00	4027
1998-06-01 22:27:00	3809
1998-06-01 22:28:00	3825
1998-06-01 22:29:00	3780
1998-06-01 22:30:00	4150
1998-06-01 22:31:00	3725
1998-06-01 22:32:00	3489
1998-06-01 22:33:00	4175
1998-06-01 22:34:00	3828
1998-06-01 22:35:00	3385
1998-06-01 22:36:00	3536
1998-06-01 22:37:00	3608
1998-06-01 22:38:00	3583
1998-06-01 22:39:00	3550
1998-06-01 22:40:00	3630
1998-06-01 22:41:00	3775
1998-06-01 22:42:00	3517
1998-06-01 22:43:00	3696
1998-06-01 22:44:00	3737
1998-06-01 22:45:00	3849
1998-06-01 22:46:00	3376
1998-06-01 22:47:00	3566
1998-06-01 22:48:00	3844
1998-06-01 22:49:00	3413
1998-06-01 22:50:00	3580
1998-06-01 22:51:00	3376
1998-06-01 22:52:00	3364
1998-06-01 22:53:00	3752
1998-06-01 22:54:00	3642
1998-06-01 22:55:00	3188
1998-06-01 22:56:00	3327
1998-06-01 22:57:00	3328
1998-06-01 22:58:00	3548
1998-06-01 22:59:00	3225
1998-06-01 23:00:00	3349
1998-06-01 23:01:00	3712
1998-06-01 23:02:00	3539
1998-06-01 23:03:00	4317
1998-06-01 23:04:00	3620
1998-06-01 23:05:00	3250
1998-06-01 23:06:00	3532
1998-06-01 23:07:00	3047
1998-06-01 23:08:00	3093
1998-06-01 23:09:00	3589
1998-06-01 23:10:00	3645
1998-06-01 23:11:00	3943
1998-06-01 23:12:00	3166
1998-06-01 23:13:00	3238
1998-06-01 23:14:00	3089
1998-06-01 23:15:00	2945
1998-06-01 23:16:00	3595
1998-06-01 23:17:00	3792
1998-06-01 23:18:00	3499
1998-06-01 23:19:00	2995
1998-06-01 23:20:00	3129
1998-06-01 23:21:00	3100
1998-06-01 23:22:00	2957
1998-06-01 23:23:00	2917
1998-06-01 23:24:00	3105
1998-06-01 23:25:00	3146
1998-06-01 23:26:00	3634
1998-06-01 23:27:00	3394
1998-06-01 23:28:00	3088
1998-06-01 23:29:00	3343
1998-06-01 23:30:00	3438
1998-06-01 23:31:00	2816
1998-06-01 23:32:00	2812
1998-06-01 23:33:00	3257
1998-06-01 23:34:00	2771
1998-06-01 23:35:00	2841
1998-06-01 23:36:00	3125
1998-06-01 23:37:00	3286
1998-06-01 23:38:00	3274
1998-06-01 23:39:00	3618
1998-06-01 23:40:00	3289
1998-06-01 23:41:00	2888
1998-06-01 23:42:00	3161
1998-06-01 23:43:00	3650
1998-06-01 23:44:00	3663
1998-06-01 23:45:00	3618
1998-06-01 23:46:00	3414
1998-06-01 23:47:00	3461
1998-06-01 23:48:00	3798
1998-06-01 23:49:00	3661
1998-06-01 23:50:00	3550
1998-06-01 23:51:00	3447
1998-06-01 23:52:00	3615
1998-06-01 23:53:00	3324
1998-06-01 23:54:00	3384
1998-06-01 23:55:00	3088
1998-06-01 23:56:00	3374
1998-06-01 23:57:00	3903
1998-06-01 23:58:00	3659
1998-06-01 23:59:00	3769
