model,epochs,batchsize,units1,units2,MSE,RMSE,MAE,AR2
double_lstm,500,64,4,4,0.006220618911587697,0.07887090028386703,0.07547548311546788,-0.33000261400875575
double_lstm,500,64,4,8,0.0028695395557782662,0.05356808336853453,0.05241082341828729,0.38647662484559286
double_lstm,500,64,4,16,0.00890305639920253,0.09435600881344298,0.0908244134444811,-0.9035225356032186
double_lstm,500,64,4,32,0.0018403670973016902,0.042899499965637015,0.04071828859622098,0.6065193697065383
double_lstm,500,64,4,64,0.003811074291328789,0.06173389904524733,0.055480228111618485,0.18517130824283923
double_lstm,500,64,8,4,0.008604184695916542,0.09275874457923923,0.08952331921764015,-0.8396221179320518
double_lstm,500,64,8,8,0.004763606055868619,0.06901888187929893,0.05427765461187932,-0.01848523377815403
double_lstm,500,64,8,16,0.00021495419661100783,0.014661316332819772,0.011535466241053281,0.9540416078451228
double_lstm,500,64,8,32,0.001984487621873344,0.04454758828346765,0.04303084217180892,0.5757056070991631
double_lstm,500,64,8,64,0.002885023248403809,0.05371241242398082,0.051583149353395356,0.3831661260095174
double_lstm,500,64,16,4,0.004766370079937721,0.06903890265594986,0.05434336367297738,-0.019076197360610836
double_lstm,500,64,16,8,0.004478097541068945,0.06691858890524326,0.06436984492626935,0.04255806053102984
double_lstm,500,64,16,16,0.0023820201622052816,0.048805943922900226,0.04632566329985666,0.4907109586068522
double_lstm,500,64,16,32,0.004766369666578873,0.06903889966228367,0.05434335392626869,-0.01907610898221046
double_lstm,500,64,16,64,0.006191291084637987,0.07868475763855404,0.074928903565312,-0.32373216293938545
double_lstm,500,64,32,4,0.07367102525764624,0.2714240690462919,0.2626597732665847,-14.751271306276873
double_lstm,500,64,32,8,0.012557945829228052,0.11206224087188357,0.10434724756623816,-1.6849580430560023
double_lstm,500,64,32,16,0.025148792889766937,0.15858370940852323,0.14936456519739377,-4.376950550731916
double_lstm,500,64,32,32,0.041454177779475875,0.20360299059560955,0.19244383452888136,-7.863131722405194
double_lstm,500,64,32,64,0.014353280577405213,0.11980517759014096,0.11432602722551054,-2.0688105088690762
double_lstm,500,64,64,4,0.10800574708987111,0.328642278305563,0.3214418739440749,-22.092224101674425
double_lstm,500,64,64,8,0.004766370079937721,0.06903890265594986,0.05434336367297738,-0.019076197360610836
double_lstm,500,64,64,16,0.004766370079937721,0.06903890265594986,0.05434336367297738,-0.019076197360610836
double_lstm,500,64,64,32,0.0047663692532210235,0.06903889666862459,0.054343344179559994,-0.01907602060402369
double_lstm,500,64,64,64,0.04145419076916409,0.2036030224951587,0.19244386653264617,-7.863134499672139
double_lstm,500,128,4,4,0.0002160346792294777,0.014698118220693345,0.012456096182358305,0.9538105947052118
double_lstm,500,128,4,8,0.0015409779657284339,0.03925529220026815,0.03759488668344878,0.6705304163978092
double_lstm,500,128,4,16,7.476529588774353e-05,0.008646692771675395,0.0066884934279935115,0.9840147676009207
double_lstm,500,128,4,32,0.0006363845181098061,0.025226662841323386,0.023347206741283554,0.8639374820045489
double_lstm,500,128,4,64,6.637642042980984e-05,0.008147172542042414,0.0059859494767074365,0.9858083554168955
double_lstm,500,128,8,4,0.0017938125450641072,0.04235342424248725,0.03963373383415334,0.6164729896035318
double_lstm,500,128,8,8,9.721849349917303e-05,0.009859943889250742,0.007693800610443115,0.9792141501799712
double_lstm,500,128,8,16,0.0004693794552392299,0.021665166863867675,0.016235594347720546,0.8996440850495941
double_lstm,500,128,8,32,0.0011680930743488097,0.03417737664521386,0.03287808477354719,0.7502552616757354
double_lstm,500,128,8,64,0.001242003816968684,0.03524207452702925,0.033040032122988235,0.7344527374759896
double_lstm,500,128,16,4,0.00013488739050708756,0.01161410308663943,0.010032603567049141,0.9711603323526119
double_lstm,500,128,16,8,0.00021375104097751411,0.014620227117849919,0.013200557489450662,0.9542988491518721
double_lstm,500,128,16,16,0.00010958638068642962,0.01046835138340463,0.008202617588808449,0.9765698277222531
double_lstm,500,128,16,32,0.0004393592206041549,0.020960897418864366,0.01953919567479601,0.9060625766989426
double_lstm,500,128,16,64,0.012631973236402187,0.11239205148230985,0.10733940001064167,-1.7007855107805536
double_lstm,500,128,32,4,0.004828099120118703,0.06948452432102203,0.046501493396730625,-0.032274206428168695
double_lstm,500,128,32,8,5.685001546675567e-05,0.007539894924119014,0.005980078340532688,0.9878451533116139
double_lstm,500,128,32,16,0.01263199715340058,0.1123921578821253,0.10733950152554203,-1.7007906243666513
double_lstm,500,128,32,32,6.0688417487469345e-05,0.007790277112367014,0.006087463501727247,0.9870244818006721
double_lstm,500,128,32,64,0.010358749760352651,0.1017779433883032,0.09677589206235074,-1.214757800621359
double_lstm,500,128,64,4,0.01263198386617481,0.1123920987711094,0.10733944512837516,-1.7007877834845364
double_lstm,500,128,64,8,0.005840052266430945,0.07642023466615988,0.044287596459232394,-0.24863536742816827
double_lstm,500,128,64,16,0.012631938758744346,0.11239189810099456,0.1073392543603719,-1.7007781392672516
double_lstm,500,128,64,32,0.011829718790328158,0.1087645107115743,0.08455087240907451,-1.529259087840385
double_lstm,500,128,64,64,0.012631973236402187,0.11239205148230985,0.10733940001064167,-1.7007855107805536
double_lstm,500,256,4,4,5.162163296338932e-05,0.007184819619405161,0.005613137601779091,0.9889630103119136
double_lstm,500,256,4,8,7.568702257758144e-05,0.008699828882086213,0.0071842599380785525,0.9838176973536817
double_lstm,500,256,4,16,4.2840286277028474e-05,0.006545249137888372,0.004841483582702745,0.9908405106399953
double_lstm,500,256,4,32,0.0016604857206240365,0.04074905791087736,0.038603013739010886,0.6449789996232843
double_lstm,500,256,4,64,0.00026812659089162083,0.01637457147199953,0.015177444037737279,0.9426730568389546
double_lstm,500,256,8,4,3.9984737949059765e-05,0.006323348634154198,0.0047055799391173955,0.9914510426135185
double_lstm,500,256,8,8,7.924471836431727e-05,0.008901950256225725,0.00727083012006082,0.9830570423829372
double_lstm,500,256,8,16,3.488222283233918e-05,0.005906117407598598,0.004328106249293956,0.9925419884727184
double_lstm,500,256,8,32,0.0009175691110975603,0.030291403254018464,0.02902866089244008,0.8038186660140592
double_lstm,500,256,8,64,0.0002128879441005843,0.014590680042430658,0.013470377369847684,0.9544833840219188
double_lstm,500,256,16,4,0.00018285099889682216,0.013522240897751458,0.012282270229033504,0.9609054484829684
double_lstm,500,256,16,8,4.573018993854038e-05,0.006762410068795028,0.00518363098350857,0.9902226333067794
double_lstm,500,256,16,16,7.074159892174367e-05,0.008410802513538387,0.007072501553750517,0.9848750561925896
double_lstm,500,256,16,32,0.0015595222490329408,0.03949078688799377,0.038358596271663055,0.6665655464032867
double_lstm,500,256,16,64,0.00032685213988777815,0.018079052516317834,0.01225868998871006,0.9301172107432397
double_lstm,500,256,32,4,0.0008244678401220779,0.02871354802392205,0.02748990504413632,0.823724230962632
double_lstm,500,256,32,8,0.01607422275166359,0.12678415812578317,0.12075938890262136,-2.4367574322946366
double_lstm,500,256,32,16,0.01607461402904555,0.12678570120106428,0.12076079956560723,-2.436841089555788
double_lstm,500,256,32,32,0.01607440407449307,0.12678487320849072,0.12076004262449286,-2.4367962001151073
double_lstm,500,256,32,64,5.056015575719409e-05,0.007110566486377446,0.005544160719356729,0.9891899599899144
double_lstm,500,256,64,4,0.016074553587385184,0.12678546283933811,0.12076058165831673,-2.4368281667956215
double_lstm,500,256,64,8,0.0160757847201953,0.12679031792765288,0.12076502008576008,-2.437091389776955
double_lstm,500,256,64,16,0.016074553587385184,0.12678546283933811,0.12076058165831673,-2.4368281667956215
double_lstm,500,256,64,32,0.04510062849496723,0.212369085544406,0.20148570331667898,-8.642762986172773
double_lstm,500,256,64,64,0.008331395405582226,0.09127647783291282,0.08605530491317372,-0.7812982639273647
double_lstm,500,512,4,4,3.7238251295458785e-05,0.006102315240583593,0.0043984446498195546,0.9920382565998671
double_lstm,500,512,4,8,0.0003269537036065886,0.01808186117651025,0.01674154130470407,0.9300954958602954
double_lstm,500,512,4,16,0.00018591807023040952,0.013635177675058346,0.01259468065877731,0.9602496917248389
double_lstm,500,512,4,32,3.520020049768212e-05,0.005932975686591183,0.004374107125776023,0.9924740030950392
double_lstm,500,512,4,64,0.00010083507992820193,0.010041667188679474,0.00860360661362533,0.978440904065274
double_lstm,500,512,8,4,0.00040523739947457844,0.020130509170773064,0.019178124811207165,0.9133580101505143
double_lstm,500,512,8,8,4.187479986875676e-05,0.006471074089264993,0.00499379508775977,0.9910469369562578
double_lstm,500,512,8,16,0.00032793935144321916,0.01810909582069793,0.017210422789572726,0.9298847589195115
double_lstm,500,1024,4,4,0.00017488940493075764,0.013224575793981357,0.011966944278587617,0.9626076811606233
double_lstm,500,512,8,32,4.946049792050869e-05,0.007032815788893428,0.005533083542292371,0.989425072897182
double_lstm,500,1024,4,8,0.0003110987138034556,0.017637990639623766,0.01652407937744045,0.9334853800796884
double_lstm,1000,256,4,4,3.6570246948413965e-05,0.0060473338710884785,0.00447020939569497,0.992181079611591
double_lstm,500,512,8,64,3.540174007109952e-05,0.005949936140085835,0.004411318126364799,0.9924309128232703
double_lstm,500,1024,4,16,3.4411497951003645e-05,0.005866131429741721,0.004315430972217844,0.9926426320471848
double_lstm,500,512,16,4,6.845466905543503e-05,0.00827373368289281,0.007051143742068466,0.9853640144045417
double_lstm,500,1024,4,32,0.00016178785713789504,0.01271958557256859,0.011656084780455466,0.9654088643000709
double_lstm,500,1024,4,64,3.710727843243164e-05,0.006091574380439891,0.004443190246804498,0.9920662593199607
double_lstm,500,512,16,8,6.902310093910005e-05,0.00830801425968324,0.007047573508215029,0.9852424805343746
double_lstm,1000,256,4,8,0.00017631611879430272,0.013278407991709802,0.011956320690218562,0.9623026418719406
double_lstm,500,1024,8,4,0.00017616741379393192,0.01327280730644169,0.011281042203038666,0.9623344358207454
double_lstm,500,512,16,16,4.0660635635785516e-05,0.006376569268484858,0.00473056610957962,0.9913065319622595
double_lstm,1000,64,4,4,0.04057637446196872,0.20143578247662136,0.19587797430752224,-7.675452534294939
double_lstm,500,1024,8,8,3.929011228583539e-05,0.006268182534501958,0.004674998593260607,0.9915995574093894
double_lstm,500,512,16,32,4.19775342036971e-05,0.006479007192749295,0.004871277099482064,0.9910249717891318
double_lstm,500,1024,8,16,5.697334593598715e-05,0.007548069020351308,0.005611689158463909,0.987818784577442
double_lstm,1000,256,4,16,4.509449526754856e-05,0.006715243500242457,0.0052210381843985675,0.9903585483316583
double_lstm,500,512,16,64,0.00017820348635602377,0.013349287859508603,0.010698050700206956,0.9618991122832676
double_lstm,500,1024,8,32,0.0003388822179692416,0.018408753840747655,0.017488631606666454,0.9275451137344886
double_lstm,500,1024,8,64,0.0001995493766592271,0.014126194698475139,0.013047892582666044,0.9573352432687681
double_lstm,500,512,32,4,4.63751828717989e-05,0.006809932662794758,0.005030572100127771,0.9900847302621719
double_lstm,1000,256,4,32,3.643136163732389e-05,0.006035839762396272,0.004402398814885466,0.9922107740566972
double_lstm,500,1024,16,4,0.00018832578754387024,0.013723184307727935,0.012580398071034258,0.9597349084908536
double_lstm,500,512,32,8,0.00013847464960260467,0.01176752521147096,0.010713238391128333,0.9703933565834844
double_lstm,500,1024,16,8,0.0001820001864804477,0.013490744474655493,0.012487253385325522,0.9610873568676312
double_lstm,500,512,32,16,6.593028348401757e-05,0.008119746515995285,0.005676731540862069,0.9859037419552035
double_lstm,500,1024,16,16,0.0001491248462458435,0.012211668446442668,0.010387599678952803,0.9681162858327221
double_lstm,1000,256,4,64,0.00011473365611200026,0.010711379748286412,0.009344833002616645,0.975469311862283
double_lstm,1000,64,4,8,0.009073413492560453,0.09525446704780019,0.09261017846296163,-0.9399458212442839
double_lstm,500,512,32,32,6.698152449123111e-05,0.008184224122739498,0.006775196854332235,0.9856789808329713
double_lstm,500,1024,16,32,4.115114453145927e-05,0.0064149157852195745,0.004640114926550102,0.9912016584564697
double_lstm,500,1024,16,64,3.738415545831943e-05,0.006114258373533084,0.004539764722648571,0.9920070614855614
double_lstm,500,512,32,64,0.004763192995607231,0.06901588944299154,0.0542681165877911,-0.018396919217304353
double_lstm,500,1024,32,4,0.00013636928746641464,0.011677726125681088,0.010155344954557893,0.9708434946138581
double_lstm,1000,256,8,4,3.4577500588676107e-05,0.00588026364958886,0.0043202455583694985,0.9926071397681728
double_lstm,500,512,64,4,0.0005890785972363113,0.0242709414163586,0.023261005794954905,0.8740517486577654
double_lstm,500,1024,32,8,0.0003317274660611499,0.01821338700135562,0.01692994055852901,0.9290748391324903
double_lstm,500,512,64,8,0.00012319112799317902,0.011099149877048197,0.009975672062740006,0.9736610577528857
double_lstm,500,1024,32,16,0.0001945259625556132,0.013947256452636598,0.012768276050636712,0.9584092768953273
double_lstm,1000,256,8,8,0.00015259514499929507,0.012352940742968659,0.011234450988701794,0.9673743168294635
double_lstm,500,512,64,16,0.00476863551756009,0.069055307671171,0.054396444508899265,-0.019560560412334116
double_lstm,500,1024,32,32,3.459658380577683e-05,0.0058818860755523675,0.004338228185204917,0.9926030596711618
double_lstm,500,1024,32,64,3.515428306120375e-05,0.005929104743652599,0.004365491725571795,0.9924838204960749
double_lstm,500,512,64,32,0.004768574963023754,0.06905486922023496,0.05439502422347967,-0.019547613518662965
double_lstm,1000,64,4,16,8.938244456345704e-05,0.009454228924849295,0.0070127557689701305,0.9808895406380795
double_lstm,500,1024,64,4,0.0038091747926771204,0.06171851256047184,0.055535148491069435,0.18557743152541484
double_lstm,500,512,64,64,0.0005825049671786386,0.02413513967597119,0.020347268289434315,0.8754572270007556
double_lstm,1000,256,8,16,9.154687611267567e-05,0.009568013174775403,0.008242859817836429,0.9804267732415844
double_lstm,500,1024,64,8,0.0002630737375770354,0.016219548007790952,0.015227884428073348,0.9437533847311009
double_lstm,500,1024,64,16,8.152910244975796e-05,0.009029346734385492,0.007855145579786876,0.9825686284729681
double_lstm,1000,512,4,4,3.777299364529141e-05,0.006145973775187412,0.004552971431698589,0.9919239257377443
double_lstm,500,1024,64,32,0.00032347582770000255,0.01798543376457745,0.010253505823559453,0.9308390849006626
double_lstm,1000,256,8,32,0.0004103480680903711,0.020257049836794376,0.0190604852682937,0.9122653210282672
double_lstm,500,1024,64,64,0.00028706743950451157,0.01694306464322531,0.009537338687577893,0.9386233989954622
double_lstm,1000,512,4,8,4.823295124221035e-05,0.006944994689861926,0.0054661540728429174,0.9896875291437643
double_lstm,1000,1024,4,4,0.0004420211916561571,0.021024300027733554,0.020181945093948432,0.905493432614102
double_lstm,1000,512,4,16,3.462888618489973e-05,0.005884631355055279,0.004295089676887023,0.9925961532444408
double_lstm,1000,256,8,64,0.001913103330963937,0.043739036694512796,0.031536980998300164,0.590967961996329
double_lstm,1000,64,4,32,0.009552453551702159,0.09773665408485273,0.09388441417387777,-1.0423672265624182
double_lstm,1000,1024,4,8,0.00016063129527815596,0.012674040211319987,0.011491142614671025,0.9656561436011466
double_lstm,1000,1024,4,16,3.576348157935587e-05,0.005980257651586249,0.004351684363678369,0.9923535704947313
double_lstm,1000,512,4,32,8.365626063558729e-05,0.009146379646373055,0.007954543945938374,0.9821138303270324
double_lstm,1000,256,16,4,3.477938990452557e-05,0.005897405353587759,0.004336872953332874,0.9925639747195439
double_lstm,1000,1024,4,32,0.00013601814620291245,0.01166268177577149,0.010170292586479163,0.9709185705516357
double_lstm,1000,512,4,64,0.0021727277189681976,0.04661252748959444,0.044428290108552086,0.535458836680379
double_lstm,1000,1024,4,64,0.00022156267360237965,0.014884981478066396,0.01321120614410516,0.9526286790356167
double_lstm,1000,256,16,8,3.876566313936624e-05,0.006226207765515558,0.0045805139799694255,0.9917116875278925
double_lstm,1000,512,8,4,3.5101753824017756e-05,0.005924673309476039,0.004333886434456983,0.9924950515365488
double_lstm,1000,1024,8,4,3.580536771329436e-05,0.005983758661016866,0.004357910512454962,0.9923446150084009
double_lstm,1000,1024,8,8,3.4869970126849257e-05,0.005905080027133355,0.0043323615519267585,0.9925446081686943
double_lstm,1000,64,4,64,0.004766369528792812,0.06903889866439653,0.054343350677365794,-0.01907607952279089
double_lstm,1000,512,8,8,4.830309510010022e-05,0.006950042812824984,0.005496442126898011,0.9896725320002845
double_lstm,1000,256,16,16,5.961503787904065e-05,0.007721077507643648,0.0063526577932284025,0.9872539762778817
double_lstm,1000,1024,8,16,0.00019825772302200516,0.014080402090210534,0.013090262656392602,0.9576114059365533
double_lstm,1000,512,8,16,4.1298132323226286e-05,0.006426362293181601,0.004799375646477027,0.9911702316563302
double_lstm,1000,1024,8,32,6.608579198565656e-05,0.008129316821582029,0.0066179711337866765,0.9858704933803236
double_lstm,1000,256,16,32,0.0022672584417029,0.047615737332345275,0.04672257073210981,0.5152476470659355
double_lstm,1000,512,8,32,0.00015786733277053203,0.012564526762697115,0.011461804522973285,0.9662470940214197
double_lstm,1000,1024,8,64,0.00048497153220769404,0.0220220692081306,0.021031237882123025,0.8963104130435412
double_lstm,1000,1024,16,4,0.0011872378582887572,0.034456318118579604,0.03380791984913525,0.7461620013351395
double_lstm,1000,512,8,64,6.504181658365637e-05,0.008064850685763274,0.006722433068544406,0.9860937010761102
double_lstm,1000,256,16,64,3.829046138892675e-05,0.006187928683245044,0.004550270236318354,0.9918132882816517
double_lstm,1000,1024,16,8,0.0006288462337257644,0.025076806689165277,0.024122842965712894,0.8655492087601039
double_lstm,1000,64,8,4,0.0047663692532210235,0.06903889666862459,0.054343344179559994,-0.01907602060402369
double_lstm,1000,512,16,4,0.0003287969004968959,0.01813275766387716,0.01729171612785516,0.9297014102046584
double_lstm,1000,1024,16,16,0.00017929405471382002,0.0133900729913552,0.012354717638570727,0.9616659427566916
double_lstm,1000,256,32,4,4.732431310483304e-05,0.0068792669017005755,0.004771135483457177,0.9898818009863375
double_lstm,1000,512,16,8,3.504784347380165e-05,0.005920121913761713,0.004326278767520506,0.9925065778666019
double_lstm,1000,1024,16,32,6.59700491262176e-05,0.008122194846605047,0.006363497952671697,0.9858952398416958
double_lstm,1000,512,16,16,0.00011919931455743436,0.010917843860279115,0.009758368776036088,0.9745145294700305
double_lstm,1000,1024,16,64,0.00024007118361379725,0.015494230655756912,0.014365550139261806,0.9486714575683544
double_lstm,1000,256,32,8,0.043347467173425774,0.2082005455646689,0.19718235666307324,-8.267927431452373
double_lstm,1000,1024,32,4,3.4252073218735826e-05,0.005852527079709741,0.004291162181473009,0.9926767179337609
double_lstm,1000,512,16,32,6.846121731507898e-05,0.008274129399222554,0.006775335782300878,0.9853626143505331
double_lstm,1000,1024,32,8,0.00021903253056851244,0.014799747652190305,0.013610947867390064,0.9531696375634877
double_lstm,1000,256,32,16,4.0277920385501e-05,0.006346488823396839,0.004702090866575571,0.9913883585924603
double_lstm,1000,64,8,8,0.01144000773132831,0.10695797179887206,0.10269451888277661,-1.4459367151722242
double_lstm,1000,512,16,64,0.0002235350238060861,0.014951087713142684,0.01338071622106624,0.9522069796896265
double_lstm,1000,1024,32,16,0.00020139305989487282,0.014191302262120726,0.013066482770192494,0.9569410536298166
double_lstm,1000,512,32,4,3.448941561634304e-05,0.005872768990548074,0.004297157819917572,0.9926259728208197
double_lstm,1000,256,32,32,4.036225984736278e-05,0.006353129925270125,0.004737331915788448,0.9913703263505992
double_lstm,1000,1024,32,32,3.460879415478079e-05,0.005882923946030646,0.004308969084948986,0.9926004490312361
double_lstm,1000,1024,32,64,0.00036437027181731365,0.01908848532014297,0.017969368491012733,0.9220956273207195
double_lstm,1000,512,32,8,4.408210325557397e-05,0.006639435462113776,0.005042099130477999,0.9905750033245562
double_lstm,1000,256,32,64,0.0007366749200032259,0.02714175602283732,0.02555776398473236,0.8424948412361575
double_lstm,1000,1024,64,4,0.004725749104134513,0.06874408413917894,0.053252112035940054,-0.010391208813697261
double_lstm,1000,512,32,16,6.264539693502292e-05,0.00791488451811035,0.0065679516384844865,0.9866060688070778
double_lstm,1000,1024,64,8,5.2343461572184686e-05,0.007234878131121815,0.005531471545195092,0.9888086793763252
double_lstm,1000,64,8,16,0.0014107974761341292,0.037560584076051444,0.03516696111132941,0.6983637226835939
double_lstm,1000,512,32,32,6.418150691030933e-05,0.008011336150125604,0.006557964386090684,0.9862776400266664
double_lstm,1000,256,64,4,0.016074537681711736,0.12678540011259867,0.12076052431429292,-2.4368247660749596
double_lstm,1000,1024,64,16,4.9763134674348324e-05,0.007054299020763745,0.005030670739534732,0.9893603674909478
double_lstm,1000,1024,64,32,0.0059208170956841655,0.07694684591121435,0.044435403855195524,-0.2659033331327798
double_lstm,1000,512,32,64,0.0003221746551062677,0.01794922435946099,0.01689092057938486,0.9311172827738229
double_lstm,1000,256,64,8,0.016074547225114474,0.12678543774864082,0.1207605587207072,-2.436826806507072
double_lstm,1000,1024,64,64,0.06426506259585497,0.2535055474656422,0.2441112925522691,-12.740224639497827
double_lstm,1000,512,64,4,0.004768680032166666,0.06905562998167974,0.05439746765292625,-0.01957007788060361
double_lstm,1500,1024,4,4,3.6923623701447536e-05,0.00607648119403389,0.004509162149315576,0.9921055257138285
double_lstm,1000,256,64,16,0.016074553578425244,0.12678546280400307,0.12076058155179532,-2.436828164879937
double_lstm,1000,512,64,8,0.00015177198793303964,0.012319577425100247,0.011232306248951544,0.9675503123478226
double_lstm,1000,64,8,32,0.00476637031152761,0.0690389043331918,0.054343375692142745,-0.01907624687580567
double_lstm,1500,1024,4,8,5.424460588584541e-05,0.007365093745896614,0.005981177891956072,0.9884022042421442
double_lstm,1000,512,64,16,0.03946638751937229,0.19866148977437043,0.18740016759008965,-7.438131207245178
double_lstm,1500,1024,4,16,4.683038952864878e-05,0.0068432733051259015,0.005380757590505353,0.9899874045696436
double_lstm,1000,256,64,32,0.011249600676198677,0.10606413473082538,0.10122274094627498,-1.4052266371804052
double_lstm,1000,512,64,32,0.0017508428448357405,0.041843074036640046,0.039114100331038494,0.6256601483797175
double_lstm,1500,1024,4,32,8.100949664762583e-05,0.009000527576071629,0.007696418065946659,0.9826797230577534
double_lstm,1000,256,64,64,0.0012114489356271213,0.03480587501596708,0.03266085662477667,0.7409855395383865
double_lstm,1000,512,64,64,0.05552003181576334,0.23562689111339424,0.2256002313446572,-10.870488852365302
double_lstm,1500,1024,4,64,0.0014232037281138904,0.03772537247150637,0.037069723258641114,0.6957111976217552
double_lstm,1000,64,8,64,0.0012714039582499576,0.03565675193073477,0.0332324506218205,0.7281668252039033
double_lstm,1500,1024,8,4,3.9690834058213745e-05,0.0063000661947485714,0.00462731835686179,0.9915138808855052
double_lstm,1500,512,4,4,3.7029128326898824e-05,0.006085156392969603,0.004523510232943236,0.9920829682433204
double_lstm,1500,256,4,4,0.00011927348086468525,0.010921239895940628,0.00956470007246158,0.9744986723047038
double_lstm,1500,1024,8,8,8.983393549745295e-05,0.009478076571617944,0.008149779570967786,0.9807930093875802
double_lstm,1500,512,4,8,3.7352168054406014e-05,0.006111642009673506,0.004513720381910354,0.9920139005688463
double_lstm,1500,1024,8,16,3.756461003404416e-05,0.006128997473816102,0.004521776202573115,0.9919684793025287
double_lstm,1500,256,4,8,0.000564969728437148,0.02376909187236963,0.022159455409833415,0.87920635770542
double_lstm,1500,512,4,16,0.0002035459143897897,0.014266951825452755,0.013020137203638062,0.9564807614713489
double_lstm,1500,1024,8,32,0.00021110443654902885,0.014529433455886325,0.013008523560552262,0.9548647077678976
double_lstm,1000,64,16,4,0.004766370079937721,0.06903890265594986,0.05434336367297738,-0.019076197360610836
double_lstm,1500,1024,8,64,4.345815042854552e-05,0.006592279607885691,0.004965477571834695,0.9907084078784697
double_lstm,1500,512,4,32,0.00035523589475053866,0.018847702638532332,0.01796462561174177,0.9240486074901881
double_lstm,1500,1024,16,4,0.0007119081347337278,0.02668160667451883,0.02566967230617921,0.8477901164518866
double_lstm,1500,256,4,16,3.914403726528216e-05,0.006256519580827839,0.004683587398193862,0.9916307890540117
double_lstm,1500,512,4,64,8.564663137861723e-05,0.009254546524742162,0.007920960122759174,0.9816882780903979
double_lstm,1500,1024,16,8,0.0007529096315674964,0.027439198814241943,0.02666773085978951,0.8390237704110445
double_lstm,1500,1024,16,16,3.54948199978428e-05,0.005957752931923479,0.004358605578470262,0.9924110118218362
double_lstm,1500,256,4,32,0.00010703263669366737,0.0103456578666447,0.007395500215665692,0.9771158322652346
double_lstm,1500,512,8,4,3.793943082648622e-05,0.006159499235042262,0.004569877480111199,0.9918883405509321
double_lstm,1000,64,16,8,0.0002657953002168214,0.01630322974802298,0.013184616932662324,0.9431714996362978
double_lstm,1500,1024,16,32,4.8030423822834615e-05,0.0069303985327565844,0.005465891204017881,0.9897308306224446
double_lstm,1500,512,8,8,4.2496777672093484e-05,0.006518955259249252,0.005013960376225234,0.9909139546732967
double_lstm,1500,1024,16,64,0.00019841760540358658,0.014086078425295898,0.013012965693004494,0.9575772222020311
double_lstm,1500,256,4,64,3.816350364659718e-05,0.0061776616649503535,0.0045768299992152445,0.9918404325468071
double_lstm,1500,1024,32,4,0.00012103930008439606,0.011001786222445702,0.009605420973342325,0.9741211304215791
double_lstm,1500,512,8,16,4.365657098423942e-05,0.006607311933323522,0.0051059131045203526,0.9906659844698833
double_lstm,1500,1024,32,8,3.6616515926885784e-05,0.006051158230197405,0.004405615806163142,0.9921711870489393
double_lstm,1000,64,16,16,0.004766369528792812,0.06903889866439653,0.054343350677365794,-0.01907607952279089
double_lstm,1500,256,8,4,6.73733910429248e-05,0.008208129570305577,0.006387078270212821,0.9855951976040832
double_lstm,1500,512,8,32,3.9381659795595886e-05,0.00627548084178383,0.004739805764788469,0.9915799840471536
double_lstm,1500,1024,32,16,0.00012735586581048716,0.01128520561666854,0.0100626475096546,0.9727706138497296
double_lstm,1500,1024,32,32,0.0002988593020098128,0.017287547599639828,0.016353064175420585,0.9361022337900405
double_lstm,1500,512,8,64,0.00023015177054389014,0.015170753789574536,0.014064638171574323,0.9507922827627467
double_lstm,1500,256,8,8,4.097444752587435e-05,0.0064011286134457845,0.004858617167559205,0.9912394372502932
double_lstm,1500,1024,32,64,3.853940855936061e-05,0.0062080116429788215,0.00456930722658325,0.9917600620043098
double_lstm,1500,512,16,4,6.614854500504204e-05,0.008133175579381159,0.00683332678498651,0.9858570764388577
double_lstm,1500,1024,64,4,0.005799682047136454,0.07615564356721341,0.06748695172827243,-0.24000399200509537
double_lstm,1000,64,16,32,0.004766369942151329,0.06903890165806036,0.054343360424074484,-0.019076167901120433
double_lstm,1500,256,8,16,0.016074537681711736,0.12678540011259867,0.12076052431429292,-2.4368247660749596
double_lstm,1500,512,16,8,0.00018373147115135412,0.01355475824761748,0.012487066698085768,0.96071719866141
double_lstm,1500,1024,64,8,0.005799680053441465,0.07615563047760464,0.06748693295683347,-0.2400035657421169
double_lstm,1500,1024,64,16,0.005799680053441465,0.07615563047760464,0.06748693295683347,-0.2400035657421169
double_lstm,1500,512,16,16,0.00010743767125606314,0.010365214481913201,0.009085058680207446,0.9770292336430707
double_lstm,1500,256,8,32,0.00015784996453502997,0.012563835582139317,0.011241758132020266,0.9662508074459113
double_lstm,1500,1024,64,32,0.005277299447170922,0.07264502355406681,0.062016517312224476,-0.12831571253620888
double_lstm,1500,512,16,32,0.00012147350311153738,0.011021501853719274,0.00991472205198348,0.9740282954208634
double_lstm,1500,1024,64,64,5.708903158395596e-05,0.007555728395327347,0.005967909800751897,0.9877940503481974
double_lstm,1500,512,16,64,0.00015628559596705867,0.012501423757598919,0.01140483224588438,0.9665852780692119
double_lstm,1500,256,8,64,5.4845795140011635e-05,0.007405794700098811,0.006039770989185592,0.9882736666655912
double_lstm,2000,1024,4,4,3.5745483525630834e-05,0.005978752673060731,0.004405636087632292,0.9923574185778307
double_lstm,1500,512,32,4,0.004768577290653196,0.06905488607371094,0.054395076460393835,-0.019548111178668393
double_lstm,2000,1024,4,8,4.21979735627577e-05,0.0064959967335858244,0.004907808461639355,0.9909778406390087
double_lstm,1000,64,16,64,0.004766369942151329,0.06903890165806036,0.054343360424074484,-0.019076167901120433
double_lstm,1500,256,16,4,3.501544946584056e-05,0.005917385357219906,0.004373842263734987,0.9925135038840737
double_lstm,1500,512,32,8,0.0006090489160270264,0.024678916427327727,0.02371640414195274,0.8697819844153742
double_lstm,2000,1024,4,16,4.329149725005311e-05,0.0065796274400647566,0.004995712636912215,0.9907440392466949
double_lstm,1500,512,32,16,9.1789387865559e-05,0.009580677839566416,0.008132123448858846,0.9803749228919895
double_lstm,2000,1024,4,32,4.5809074780393366e-05,0.0067682401538652105,0.005048350764309638,0.9902057672927442
double_lstm,1500,256,16,8,0.00015015810013323345,0.012253901424984349,0.011102975322882831,0.9678953704558608
double_lstm,2000,1024,4,64,3.432143822194513e-05,0.00585845015528383,0.004282678924750546,0.9926618873137052
double_lstm,1500,512,32,32,4.7773576964117695e-05,0.006911843239260978,0.005395728272860051,0.9897857458966879
double_lstm,1000,64,32,4,0.004766370079937721,0.06903890265594986,0.05434336367297738,-0.019076197360610836
double_lstm,2000,1024,8,4,7.5314282868899e-05,0.008678380198452877,0.007322734975310445,0.9838973911580987
double_lstm,1500,256,16,16,0.00015448763614388155,0.012429305537473989,0.011262241554721917,0.9669696917905305
double_lstm,1500,512,32,64,5.1375675176471835e-05,0.007167682692228489,0.005788912211413743,0.989015597442581
double_lstm,2000,1024,8,8,0.0009431154581420517,0.030710184925233707,0.02999375160086375,0.7983567161935587
double_lstm,1500,512,64,4,4.819195929078449e-05,0.0069420428758964385,0.005501149455403102,0.9896962934489443
double_lstm,1500,256,16,32,4.220795199222477e-05,0.006496764732713104,0.004913051703679816,0.9909757071957833
double_lstm,2000,1024,8,16,4.854471849210517e-05,0.006967403999489708,0.005386222386858183,0.9896208715871424
double_lstm,1500,512,64,8,0.004768577569760601,0.06905488809462079,0.054395082958199635,-0.01954817085337024
double_lstm,2000,1024,8,32,6.962584034042456e-05,0.008344209988993838,0.006959261129607026,0.9851136115278141
double_lstm,1000,64,32,8,0.004766370079937721,0.06903890265594986,0.05434336367297738,-0.019076197360610836
double_lstm,1500,256,16,64,0.0014267954378321943,0.03777294584530302,0.03171851199805112,0.6949432702849421
double_lstm,1500,512,64,16,4.0734357452483215e-05,0.006382347330918556,0.0049417093403627144,0.9912907698314632
double_lstm,2000,1024,8,64,5.2753441506927095e-05,0.007263156442410358,0.005476150963726554,0.9887210234062926
double_lstm,1500,512,64,32,0.0060151150117927635,0.07755717253608956,0.04464450404704724,-0.2860647474072322
double_lstm,1500,256,32,4,0.0001922549885892717,0.013865604515825183,0.012594156079157448,0.9588948236479106
double_lstm,2000,1024,16,4,4.0317345198454e-05,0.006349594097141486,0.0045890480472481066,0.9913799293501246
double_lstm,1500,512,64,64,8.06355118204498e-05,0.008979727825521762,0.007538995647504668,0.9827596830753679
double_lstm,2000,1024,16,8,3.458340667873913e-05,0.0058807658241711285,0.00429745054347677,0.9926058770135605
double_lstm,1000,64,32,16,0.0006646851221046278,0.025781487973052054,0.021385433551238734,0.8578866568654258
double_lstm,1500,256,32,8,0.01607455676852121,0.12678547538468754,0.1207605931271215,-2.4368288469400397
double_lstm,2000,1024,16,16,0.00013713263212036423,0.011710364303486216,0.010651864826458482,0.9706802873189615
double_lstm,2000,512,4,4,3.6810969583806263e-05,0.006067204429043599,0.004513085869343732,0.9921296117851779
double_lstm,2000,1024,16,32,3.904235442805445e-05,0.0062483881463985935,0.0046694250140483454,0.9916525294051304
double_lstm,1500,256,32,16,4.141871605721535e-05,0.006435737413631428,0.004873643066198056,0.9911444501892943
double_lstm,2000,512,4,8,0.0001866243142831928,0.013661050994824403,0.012613485924711874,0.9600986928532346
double_lstm,2000,1024,16,64,4.9831975411502414e-05,0.007059176680853258,0.00539422501992342,0.9893456489618647
double_lstm,1000,64,32,32,0.09132525528540121,0.3022006871027947,0.29435418549803,-18.525843003875547
double_lstm,1500,256,32,32,0.0007024030905146172,0.026502888342869672,0.025157171279782824,0.8498223473018004
double_lstm,2000,1024,32,4,0.00038521658300261967,0.01962693514032743,0.018488188096403697,0.9176385710755203
double_lstm,2000,512,4,16,7.949428532172907e-05,0.008915956781059959,0.007701878728165159,0.9830036835917227
double_lstm,2000,1024,32,8,3.521073189718276e-05,0.005933863151201143,0.0043665766072872115,0.9924717514237724
double_lstm,1500,256,32,64,0.021037739999085554,0.14504392437839495,0.1372437874862584,-3.497984780822864
double_lstm,2000,512,4,32,5.065129901339727e-05,0.0071169726017034285,0.005649819828310246,0.9891704730593175
double_lstm,2000,1024,32,16,0.000309068175711669,0.017580334914661582,0.016550919581584375,0.9339195203169066
double_lstm,1000,64,32,64,0.005861559715120659,0.07656082363141517,0.07248229467693082,-0.2532337785162826
double_lstm,2000,1024,32,32,0.00014703807755549235,0.01212592584322914,0.011035223676174925,0.9685624484818804
double_lstm,1500,256,64,4,0.016074553587385184,0.12678546283933811,0.12076058165831673,-2.4368281667956215
double_lstm,2000,512,4,64,0.004715245878473603,0.06866764797540106,0.05291988155027929,-0.008145561269123691
double_lstm,2000,1024,32,64,0.005799684040833221,0.0761556566568316,0.06748697049971139,-0.24000441826845398
double_lstm,2000,512,8,4,3.564145848745869e-05,0.005970046774310792,0.004365562372751271,0.9923796597044222
double_lstm,1500,256,64,8,0.016074547225114474,0.12678543774864082,0.1207605587207072,-2.436826806507072
double_lstm,2000,1024,64,4,0.004633689553815924,0.06807120943406195,0.052188650398369764,0.009291630516021998
double_lstm,1000,64,64,4,0.004766369666578873,0.06903889966228367,0.05434335392626869,-0.01907610898221046
double_lstm,2000,1024,64,8,0.005799682047136454,0.07615564356721341,0.06748695172827243,-0.24000399200509537
double_lstm,2000,512,8,8,6.127068836399326e-05,0.007827559540750442,0.00633958742658892,0.9868999890775454
double_lstm,1500,256,64,16,0.03584370566945,0.1893243398759124,0.17816596486823807,-6.663581857960419
double_lstm,2000,1024,64,16,0.004936833549850817,0.07026260420629751,0.05746558343916882,-0.05552222689556485
double_lstm,2000,512,8,16,0.00013215769871066974,0.01149598620000345,0.010381453941379395,0.9717439555059143
double_lstm,2000,1024,64,32,0.0047260136374282224,0.06874600815631568,0.053420459457846244,-0.01044776749011267
double_lstm,1500,256,64,32,0.004851083118953361,0.06964971729270235,0.056047862374840086,-0.037188312076647856
double_lstm,2000,1024,64,64,0.06026340203497849,0.24548605262820633,0.23581514222604114,-11.88464755271836
double_lstm,2000,512,8,32,4.458473703574946e-05,0.006677180320745386,0.004952546373236355,0.9904675374516223
double_lstm,1000,64,64,8,0.04503705805827046,0.21221936306159828,0.20133131111912836,-8.629171276379573
double_lstm,2500,1024,4,4,0.00017524771441520257,0.013238115969245873,0.011869281735545863,0.962531072617694
double_lstm,1500,256,64,64,0.01607455676852121,0.12678547538468754,0.1207605931271215,-2.4368288469400397
double_lstm,2000,512,8,64,5.6428093779330644e-05,0.0075118635357233855,0.006110347346919149,0.9879353624941981
double_lstm,2500,1024,4,8,3.448275357072782e-05,0.005872201765158263,0.004324123183046575,0.9926273972028963
double_lstm,2000,256,4,4,3.6502191967469675e-05,0.0060417043925923486,0.00441882597953497,0.9921956301416649
double_lstm,2000,512,16,4,0.0002840124349414734,0.01685266848132584,0.015488815129942466,0.9392765758115311
double_lstm,2500,1024,4,16,5.572173135825409e-05,0.007464699013239187,0.005863079605121873,0.988086386673596
double_lstm,1000,64,64,16,0.004766369942151329,0.06903890165806036,0.054343360424074484,-0.019076167901120433
double_lstm,2500,1024,4,32,3.439277523602349e-05,0.005864535381087192,0.004313135990908273,0.9926466350668551
double_lstm,2000,512,16,8,3.502412895273113e-05,0.0059181187004597275,0.004381672583806626,0.9925116481619314
double_lstm,2000,256,4,8,3.469962201802102e-05,0.00589063850681919,0.004330764537776681,0.9925810295333934
double_lstm,2500,1024,4,64,9.779630021965026e-05,0.009889201192191928,0.008798536440564055,0.9790906119180154
double_lstm,2000,512,16,16,3.5951669780436715e-05,0.005995971129052967,0.00441124390416621,0.9923133348199663
double_lstm,2500,1024,8,4,3.4027654820039715e-05,0.005833322794089122,0.0042690012667386664,0.9927246998244924
double_lstm,2000,256,4,16,3.457729216782195e-05,0.005880245927495036,0.00429135107983531,0.9926071843297004
double_lstm,1000,64,64,32,0.07366300975032591,0.2714093029914891,0.2626445144775222,-14.749557546626887
double_lstm,2000,512,16,32,3.536476956179397e-05,0.00594682852971178,0.004425511768234005,0.992438817321957
double_lstm,2500,1024,8,8,5.1883935907495306e-05,0.007203050458485996,0.005669114336014106,0.9889069284965378
double_lstm,2000,512,16,64,0.00014740595970883075,0.012141085606684057,0.010892526036478356,0.968483793249573
double_lstm,2000,256,4,32,3.414307982483645e-05,0.005843208008006942,0.004307520676394476,0.9927000213221948
double_lstm,2500,1024,8,16,3.486216528416713e-05,0.0059044191318170436,0.004331256846744282,0.9925462768870834
double_lstm,2000,512,32,4,7.638157194306814e-05,0.00873965513868071,0.007262263916058692,0.9836691988706875
double_lstm,2500,1024,8,32,5.525530312233438e-05,0.007433391091711399,0.005934862124428092,0.9881861116015875
double_lstm,1000,64,64,64,0.019634685213465442,0.14012382100651352,0.13283432256271716,-3.1980039334193746
double_lstm,2500,1024,8,64,3.472094394944127e-05,0.0058924480438474185,0.00433226855071231,0.9925764707869201
double_lstm,2000,256,4,64,0.0001382618532840336,0.011758480058410339,0.01066005172623021,0.9704388536094191
double_lstm,2000,512,32,8,0.0002494878300210535,0.01579518376028128,0.014844085318512418,0.9466581266579015
double_lstm,2500,1024,16,4,0.00010203220417244151,0.010101099156648325,0.008847313321081287,0.9781849523027948
double_lstm,1000,128,4,4,6.262676058362685e-05,0.007913707132793508,0.005902520004534305,0.9866100533617377
double_lstm,2000,512,32,16,3.4669015537530426e-05,0.005888040042113371,0.0042988442704160424,0.9925875733676383
double_lstm,2000,256,8,4,0.00025460869961888694,0.015956462628630663,0.012617675744890826,0.9455632565094619
double_lstm,2500,1024,16,8,4.59437093515153e-05,0.006778178911146806,0.005084422971241485,0.990176981679275
double_lstm,1000,128,4,8,0.004742908753666222,0.06886877923751968,0.04752558761710694,-0.014060036474901949
double_lstm,2500,1024,16,16,7.210208934611901e-05,0.00849129491574277,0.007314784330992463,0.9845841758402533
double_lstm,2000,512,32,32,3.485695165143369e-05,0.005903977612714473,0.004321182974576708,0.9925473915905015
double_lstm,2000,256,8,8,3.502536933364155e-05,0.005918223494735692,0.004350123205785981,0.9925113829616552
double_lstm,2500,1024,16,32,0.00034425471415572224,0.018554102353811736,0.017628880711638782,0.9263964444343228
double_lstm,2000,512,32,64,0.004768577151099661,0.06905488506325719,0.05439507321149094,-0.01954808134135355
double_lstm,1000,128,4,16,0.0008053659359741231,0.02837896995971001,0.027319011141075208,0.8278083233673281
double_lstm,2500,1024,16,64,0.001498603320258768,0.03871179820492414,0.037783700629462326,0.6795903491863884
double_lstm,2000,256,8,16,3.564266396282836e-05,0.0059701477337523534,0.004371188790964685,0.9923794019671431
double_lstm,2000,512,64,4,3.526918427734933e-05,0.005938786431363678,0.0043467674692595866,0.9924592539826783
double_lstm,2500,1024,32,4,4.049864688812496e-05,0.006363854719281778,0.004828623243541101,0.9913411660494604
double_lstm,1000,128,4,32,0.000495885670919767,0.022268490539768676,0.020224134463435565,0.8939769100235007
double_lstm,2000,512,64,8,0.002618559525518518,0.05117186263483593,0.045552465039900125,0.4401375388243701
double_lstm,2000,256,8,32,5.300627256888731e-05,0.00728054067833477,0.0057493135625065386,0.9886669667315325
double_lstm,2500,1024,32,8,4.3387291742423225e-05,0.006586903046380994,0.005065686006130787,0.9907235578561658
double_lstm,1000,128,4,64,0.5463553692474675,0.7391585548767379,0.7333131557050202,-115.81378968951914
double_lstm,2000,512,64,16,3.5960863650746244e-05,0.005996737750706316,0.004466543273088467,0.9923113691198135
double_lstm,2500,1024,32,16,3.6082274403911477e-05,0.006006852287505618,0.004448435074388399,0.9922854108315189
double_lstm,2000,512,64,32,0.004746594451221833,0.06889553288292234,0.054818197612719284,-0.01484805892943264
double_lstm,2000,256,8,64,0.0003239446489405666,0.017998462404899107,0.01693483013066951,0.9307388483350868
double_lstm,2500,1024,32,32,0.0002587401150528478,0.01608540068051921,0.01510342672315315,0.9446799371155526
double_lstm,1000,128,8,4,0.0002347602706152515,0.015321888611240179,0.013598315130385896,0.9498069600434669
double_lstm,2000,512,64,64,0.0043726550121946746,0.06612605395904608,0.05026874290666231,0.06510225444865403
double_lstm,2500,1024,32,64,3.660425000206122e-05,0.006050144626540858,0.004449344213776493,0.9921738095712818
double_lstm,2000,256,16,4,4.8523077730830984e-05,0.0069658508260535545,0.005483404345028374,0.989625498501196
double_lstm,1000,128,8,8,0.00010291420491612755,0.010144663864127167,0.008452844643178662,0.9779963756818295
double_lstm,2500,1024,64,4,3.8410717521143934e-05,0.006197638059869577,0.00449886919073066,0.9917875768576805
double_lstm,2500,512,4,4,4.4526598192852444e-05,0.0066728253530908815,0.005164452211620555,0.9904799678567198
double_lstm,2500,1024,64,8,0.005119146568616746,0.07154821149837881,0.06184852972070203,-0.09450175529503513
double_lstm,1000,128,8,16,0.0007388020739828926,0.027180913781234297,0.026052375429441717,0.8420400439895225
double_lstm,2000,256,16,8,0.0008305781764855644,0.028819753234293394,0.02749471999390561,0.8224178073653319
double_lstm,2500,1024,64,16,3.6411827637565314e-05,0.006034221377904967,0.004461219598985305,0.9922149505335254
double_lstm,2500,512,4,8,3.538479400344018e-05,0.005948511915045659,0.004379168259046811,0.9924345359859498
double_lstm,2500,1024,64,32,0.004715685262005547,0.06867084724980134,0.05291483327594819,-0.00823950389032313
double_lstm,2000,256,16,16,3.465548121725975e-05,0.005886890623857365,0.004343481666902304,0.992590467079919
double_lstm,1000,128,8,32,0.00031483839784355943,0.017743686140246042,0.015102577545714264,0.9326858150171767
double_lstm,2500,1024,64,64,4.7615152557893283e-05,0.006900373363658903,0.005113317097632656,0.9898196179080418
double_lstm,2500,512,4,16,3.726265147969751e-05,0.006104314169478624,0.004463396851740508,0.9920330397059726
double_lstm,2000,256,16,32,3.6840209073210153e-05,0.006069613585164228,0.0044455243512329335,0.9921233602211628
double_lstm,3000,1024,4,4,8.200404746259364e-05,0.009055608619115208,0.007725703559222068,0.9824670826111238
double_lstm,1000,128,8,64,0.006269056748982309,0.07917737523423159,0.07479887606499681,-0.3403588906537951
double_lstm,2500,512,4,32,3.537877561674425e-05,0.005948006020234365,0.004362957392448914,0.9924358227502013
double_lstm,3000,1024,4,8,3.3680994478378976e-05,0.005803532930756831,0.004255575056663108,0.9927988177164794
double_lstm,2000,256,16,64,3.548042701852685e-05,0.005956544889323579,0.004366694073864338,0.9924140891201542
double_lstm,1000,128,16,4,8.378456018985816e-05,0.009153390638984996,0.007595108123567864,0.9820863991750873
double_lstm,2500,512,4,64,5.2318156387170686e-05,0.007233129086859344,0.00572832358513611,0.9888140897643742
double_lstm,3000,1024,4,16,3.469338187600784e-05,0.00589010881699208,0.004305127282542609,0.9925823637101542
double_lstm,3000,1024,4,32,3.5592744352717146e-05,0.005965965500463202,0.004350740269246357,0.9923900750549631
double_lstm,2500,512,8,4,6.659887666527771e-05,0.008160813480608273,0.006882097662540586,0.9857607930474784
double_lstm,2000,256,32,4,0.00014728452888784223,0.012136083754154066,0.010840257894524658,0.968509755828479
double_lstm,1000,128,16,8,0.012631994495954537,0.11239214605992065,0.10733949024610866,-1.700790056190038
double_lstm,3000,1024,4,64,3.547754561474392e-05,0.005956303015692194,0.004341204676899672,0.9924147051801665
double_lstm,2500,512,8,8,0.000326748126154658,0.018076175650691657,0.017036951920589294,0.9301394494527491
double_lstm,3000,1024,8,4,3.391986317359645e-05,0.005824076164817597,0.004269251581007662,0.9927477462726955
double_lstm,2000,256,32,8,3.4654742234047055e-05,0.005886827858367106,0.0043324710625590596,0.9925906250786036
double_lstm,1000,128,16,16,4.5568853192548866e-05,0.00675047059045137,0.005025970325236435,0.9902571279924295
double_lstm,2500,512,8,16,0.000358228102146206,0.018926914755083724,0.01799992398676796,0.9234088570546679
double_lstm,3000,1024,8,8,9.19063318849194e-05,0.009586779015129086,0.008479853258278701,0.9803499196160047
double_lstm,2500,512,8,32,3.4402164424340666e-05,0.005865335832187332,0.004300514368838462,0.9926446276066356
double_lstm,3000,1024,8,16,7.264395919299942e-05,0.008523142565568138,0.007332259115724833,0.984468321079972
double_lstm,2000,256,32,16,4.684829186438827e-05,0.006844581204455702,0.0053084025986994176,0.9899835769515772
double_lstm,1000,128,16,32,0.00024755657061856896,0.015733930552108363,0.014259418657236709,0.9470710405640803
double_lstm,2500,512,8,64,3.723897617214017e-05,0.00610237463387329,0.004497794252139818,0.9920381016172368
double_lstm,3000,1024,8,32,3.486725322735872e-05,0.0059048499750085715,0.004318603158364558,0.9925451890567821
double_lstm,2500,512,16,4,3.4223033538408054e-05,0.005850045601395604,0.004290388467745815,0.992682926777494
double_lstm,3000,1024,8,64,8.681433755655686e-05,0.00931742118595896,0.008029791764098626,0.9814386160726587
double_lstm,2000,256,32,32,3.441113946300777e-05,0.005866100873920237,0.004292169612346553,0.9926427086938944
double_lstm,3000,1024,16,4,3.458417785155408e-05,0.00588083139118561,0.0043128640837498105,0.9926057121325617
double_lstm,1000,128,16,64,0.00040750115419313553,0.0201866578262261,0.018760067791733535,0.9128740069129029
double_lstm,2500,512,16,8,7.906739525381325e-05,0.008891984888303244,0.007663162066891512,0.9830949550414437
double_lstm,3000,1024,16,8,3.475916177405998e-05,0.005895690101596248,0.004311655094330366,0.9925682996053437
double_lstm,2500,512,16,16,3.442978045151193e-05,0.00586768953264502,0.004286984137752204,0.9926387231477951
double_lstm,3000,1024,16,16,6.859353693958131e-05,0.008282121524077108,0.006873470800743474,0.9853343236854121
double_lstm,2000,256,32,64,0.00047569113130682884,0.021810344593949652,0.01952002833812029,0.8982946139136841
double_lstm,1000,128,32,4,0.012631986523619075,0.11239211059331111,0.10733945640780854,-1.7007883516607696
double_lstm,2500,512,16,32,0.0008941007183869857,0.02990151699140005,0.0289968621978294,0.8088363377433955
double_lstm,3000,1024,16,32,3.548959749090391e-05,0.005957314620775363,0.004380422406668156,0.9924121284226085
double_lstm,3000,1024,16,64,3.4743367842803664e-05,0.00589435050220155,0.0043239736520288286,0.9925716764349092
double_lstm,2500,512,16,64,3.481945551173697e-05,0.00590080126014569,0.004332793140602891,0.9925554084718635
double_lstm,2000,256,64,4,0.005457009709355924,0.07387157578768659,0.043984267980704816,-0.1667387572311696
double_lstm,1000,128,32,8,0.012631973236402187,0.11239205148230985,0.10733940001064167,-1.7007855107805536
double_lstm,3000,1024,32,4,3.468281520117312e-05,0.005889211763994662,0.0043159566212128235,0.9925846229234818
double_lstm,2500,512,32,4,7.193994518852833e-05,0.008481741872311863,0.007218412754696984,0.9846188431549541
double_lstm,3000,1024,32,8,3.433265127907717e-05,0.00585940707572679,0.004282893314637247,0.9926594899002792
double_lstm,2000,256,64,8,3.4643055068450844e-05,0.0058858351207327275,0.004338775125550373,0.9925931238590326
double_lstm,1000,128,32,16,0.00234360938960707,0.04841083958791739,0.04655459054828713,0.4989233935249524
double_lstm,2500,512,32,8,8.985636709957043e-05,0.009479259839226395,0.008179312127544185,0.9807882133873947
double_lstm,3000,1024,32,16,3.412905070522927e-05,0.005842007420846816,0.004274515983434385,0.9927030208253014
double_lstm,3000,1024,32,32,3.4738120832425295e-05,0.005893905397308757,0.004312141755488452,0.9925727982746518
double_lstm,2500,512,32,16,3.53908509623173e-05,0.005949021008730538,0.004383177038209653,0.9924332409747534
double_lstm,2000,256,64,16,0.007314074613605873,0.08552236323679248,0.05213102087469076,-0.5637894706956204
double_lstm,1000,128,32,32,0.012631978551287611,0.11239207512670817,0.10733942256950842,-1.7007866471323556
double_lstm,3000,1024,32,64,3.724237081112767e-05,0.00610265276835637,0.004470015803030601,0.9920373758247085
double_lstm,2500,512,32,32,3.52699376853037e-05,0.005938849862162176,0.00439726052701484,0.9924590928999045
double_lstm,3000,1024,64,4,7.697572907999802e-05,0.008773581314377728,0.007367111131223161,0.9835421647995638
double_lstm,2000,256,64,32,0.027247686571195317,0.16506873286966045,0.15526032314936894,-4.825705589820738
double_lstm,2500,512,32,64,0.00021483954967391338,0.014657405966743003,0.013688502350877313,0.9540661199922565
double_lstm,1000,128,32,64,0.012631978551287611,0.11239207512670817,0.10733942256950842,-1.7007866471323556
double_lstm,3000,1024,64,8,3.834904702488847e-05,0.00619266073872035,0.00461148839601254,0.991800762349734
double_lstm,2500,512,64,4,3.590968778732354e-05,0.005992469256268533,0.004410723495516345,0.9923223108015167
double_lstm,3000,1024,64,16,0.001229685675205667,0.03506687432899697,0.031190682660410356,0.7370864240877871
double_lstm,2000,256,64,64,0.00028886205152085326,0.016995942207505096,0.009588688847653246,0.9382397010536995
double_lstm,2500,512,64,8,0.004671028205591438,0.06834492084706396,0.05335892285933339,0.001308420939803323
double_lstm,3000,1024,64,32,0.004972982756366774,0.07051937858749731,0.05882376798141821,-0.06325112651856002
double_lstm,1000,128,64,4,0.00991440094264587,0.09957108487229548,0.07234315570565959,-1.1197535739549673
double_lstm,2500,512,64,16,0.004765299434575512,0.06903114829245934,0.054356527079453223,-0.01884728748031539
double_lstm,3000,1024,64,64,5.610919710989015e-05,0.007490607259087219,0.0059551560166927284,0.9880035443600194
double_lstm,2500,256,4,4,3.5367759474033415e-05,0.0059470799115224115,0.004371404065620469,0.9924381780622386
double_lstm,3500,1024,4,4,3.445959747674101e-05,0.005870229763539159,0.004309359625724208,0.9926323481034369
double_lstm,2500,512,64,32,3.560211660965806e-05,0.005966750925726501,0.004370123044458506,0.9923880712147654
double_lstm,1000,128,64,8,0.012631994495954537,0.11239214605992065,0.10733949024610866,-1.700790056190038
double_lstm,2500,512,64,64,0.004924473369358402,0.07017459204981816,0.0572978450503267,-0.05287955217168672
double_lstm,3500,1024,4,8,3.6760211999851126e-05,0.006063020039538969,0.0044788822880483465,0.992140464036425
double_lstm,2500,256,4,8,3.443156514345107e-05,0.005867841608585824,0.004306879383283354,0.9926383415708205
double_lstm,3500,1024,4,16,8.176454682451683e-05,0.009042375065463544,0.007913936538116374,0.9825182891677746
double_lstm,3000,512,4,4,3.389238775523731e-05,0.0058217169078577935,0.00426638170318498,0.992753620668597
double_lstm,1000,128,64,16,0.012631994495954537,0.11239214605992065,0.10733949024610866,-1.700790056190038
double_lstm,3500,1024,4,32,3.3612188892064746e-05,0.005797601994968674,0.004248260388296169,0.9928135287301192
double_lstm,3000,512,4,8,0.000436111061542059,0.020883272290090436,0.019972621263060892,0.9067570510116604
double_lstm,3500,1024,4,64,7.426144193206858e-05,0.008617507872469196,0.007196120408137068,0.9841224943541025
double_lstm,1000,128,64,32,0.0001215672320759983,0.011025753129650522,0.007592671789782978,0.9740082556515876
double_lstm,2500,256,4,16,9.068344537777582e-05,0.009522785589194782,0.008092272934599958,0.9806113794923055
double_lstm,3000,512,4,16,3.489356623483142e-05,0.005907077639140307,0.004325068661906978,0.9925395631907359
double_lstm,3500,1024,8,4,3.393310399025628e-05,0.005825212784976724,0.004258558841317971,0.9927449153131046
double_lstm,3000,512,4,32,3.5219535745485535e-05,0.005934604935923329,0.004320061794253488,0.9924698691124747
double_lstm,3500,1024,8,8,3.420725111886911e-05,0.005848696531610194,0.004280456242123675,0.992686301145791
double_lstm,1000,128,64,64,0.01263197923459284,0.11239207816653646,0.10733942519703644,-1.7007867932267802
double_lstm,2500,256,4,32,4.044444626995379e-05,0.006359594819637002,0.00481169786149656,0.9913527544404024
double_lstm,3500,1024,8,16,3.579150518433672e-05,0.005982600202615642,0.004352602551156698,0.9923475788935081
double_lstm,3000,512,4,64,3.7171213192393935e-05,0.006096819924550334,0.004573412442753157,0.9920525897158451
double_lstm,3500,1024,8,32,5.948104888202147e-05,0.007712395793916536,0.006239324884011044,0.987282623864049
double_lstm,3000,512,8,4,4.1484790094388004e-05,0.006440868737553033,0.00483874996898738,0.9911303231959184
double_lstm,2500,256,4,64,4.32681844281746e-05,0.006577855610164653,0.004868709433576247,0.9907490236565227
double_lstm,3500,1024,8,64,0.00012712994284962473,0.01127519147729318,0.010079138106226446,0.972818917424146
double_lstm,3000,512,8,8,3.411291020706727e-05,0.005840625840358828,0.004289817699097427,0.9927064717527817
double_lstm,3500,1024,16,4,3.426869607014841e-05,0.0058539470505077525,0.004273649823891172,0.9926731638764966
double_lstm,2500,256,8,4,3.554515573257496e-05,0.005961975824554723,0.004393410340136611,0.9924002497642783
double_lstm,3500,1024,16,8,3.450880670152096e-05,0.005874419690618041,0.004286423598853678,0.9926218268999167
double_lstm,3000,512,8,16,3.422819687473445e-05,0.005850486892108592,0.004277377581385546,0.992681822827725
double_lstm,1500,64,4,4,0.003444796959875601,0.05869239269169047,0.05610423927323416,0.2634834207847978
double_lstm,3500,1024,16,16,3.423582991027942e-05,0.005851139197650268,0.004285651711806431,0.9926801908426489
double_lstm,3000,512,8,32,3.44467689462419e-05,0.005869136984791026,0.004299985749455716,0.9926350909139741
double_lstm,3500,1024,16,32,3.447751204113736e-05,0.005871755448001676,0.004296709536863953,0.9926285178708163
double_lstm,2500,256,8,8,3.535596468393181e-05,0.005946088183329592,0.00437139145138011,0.9924406998533802
double_lstm,3500,1024,16,64,0.0041393050645907314,0.06433743128685455,0.03950310715642519,0.11499375957106606
double_lstm,3000,512,8,64,3.460261956946563e-05,0.0058823991338114445,0.004301542579240438,0.9926017691916136
double_lstm,3500,1024,32,4,3.4246015248751396e-05,0.005852009505182933,0.0042840612917072,0.9926780131611378
double_lstm,3000,512,16,4,3.5105739473611545e-05,0.005925009660212508,0.004319097177182595,0.992494199382695
double_lstm,3500,1024,32,8,3.66840294532413e-05,0.006056734223427779,0.004436368057849555,0.992156752284841
double_lstm,2500,256,8,16,5.60303102961711e-05,0.007485339691434925,0.00600493582980147,0.9880204107956504
double_lstm,3000,512,16,8,3.4267198940266213e-05,0.005853819175569588,0.004298235264826415,0.9926734839711183
double_lstm,3500,1024,32,16,3.5087214481174206e-05,0.005923446165972492,0.004333549932556894,0.9924981601281959
double_lstm,1500,64,4,8,0.0047663692532210235,0.06903889666862459,0.054343344179559994,-0.01907602060402369
double_lstm,3000,512,16,16,3.427258157745504e-05,0.0058542789118263775,0.004287618569656853,0.9926723331336159
double_lstm,3500,1024,32,32,3.423496130800311e-05,0.005851064972122862,0.004282773750487934,0.9926803765546037
double_lstm,3000,512,16,32,3.5644308310457784e-05,0.005970285446313081,0.004373183837323844,0.9923790503965556
double_lstm,3500,1024,32,64,3.53023491244388e-05,0.005941577999524941,0.004332735798586593,0.9924521631555517
double_lstm,2500,256,8,32,3.686703365598361e-05,0.006071822926929244,0.004507392919983326,0.9921176249774972
double_lstm,3500,1024,64,4,0.004384538364543619,0.06621584677812116,0.04424026107489344,0.06256152821033056
double_lstm,3000,512,16,64,3.404694000923154e-05,0.005834975579146115,0.004314953734508789,0.9927205765447349
double_lstm,3500,1024,64,8,0.004288033485553439,0.06548307785644654,0.04821868340870103,0.0831948033145884
double_lstm,3000,512,32,4,3.41212589639499e-05,0.005841340510871619,0.00426685985702442,0.9927046867425382
double_lstm,3500,1024,64,16,0.004753127855893225,0.0689429318777003,0.05401922630381026,-0.01624493686309636
double_lstm,2500,256,8,64,3.763241701618535e-05,0.006134526633423752,0.004529462846909191,0.9919539817959657
double_lstm,3500,1024,64,32,0.004681041768796908,0.06841813917958385,0.05069626655509582,-0.0008325340725683361
double_lstm,3000,512,32,8,3.558746965202068e-05,0.005965523418110156,0.004429123956261591,0.9923912028150486
double_lstm,3500,1024,64,64,4.251071449806694e-05,0.0065200241179053115,0.0046734945486049196,0.9909109749030779
double_lstm,1500,64,4,16,0.009595344319205605,0.0979558284085516,0.09597139533978244,-1.0515375090869052
double_lstm,2500,256,16,4,3.5745085309744394e-05,0.005978719370378944,0.004370998456841357,0.9923575037185822
double_lstm,3000,512,32,16,0.00015663266768432601,0.012515297347020006,0.011417136846371193,0.9665110722228526
double_lstm,2500,256,16,8,3.4748426205985936e-05,0.005894779572298351,0.0043178925473127275,0.9925705949289769
double_lstm,3000,512,32,32,3.566953351139733e-05,0.005972397635070637,0.004412597640776094,0.9923736571095426
double_lstm,3000,512,32,64,0.00018340910046901773,0.013542861605621528,0.012471661982200288,0.9607861232903386
double_lstm,1500,64,4,32,0.005940453576663404,0.07707433799043235,0.07295710398787453,-0.2701017210108203
double_lstm,2500,256,16,16,7.90795747703768e-05,0.00889266972120166,0.007388357098538147,0.9830923509936638
double_lstm,3000,512,64,4,0.004768134873361195,0.06905168262512648,0.05439009609937722,-0.019453519922845386
double_lstm,3000,512,64,8,3.545510851193926e-05,0.00595441924220484,0.004381687678682213,0.9924195023564291
double_lstm,2500,256,16,32,8.408915212804806e-05,0.00917001374742961,0.00794925315653073,0.9820212757396612
double_lstm,3000,512,64,16,0.00010884502312700291,0.010432881822727742,0.007321342479090482,0.9767283340551384
double_lstm,2500,256,16,64,3.765437313749846e-05,0.006136315925496214,0.004489446216563042,0.9919492874561976
double_lstm,1500,64,4,64,0.004766370079937721,0.06903890265594986,0.05434336367297738,-0.019076197360610836
double_lstm,3000,512,64,32,0.000307416435336948,0.01753329505075837,0.010026861380176786,0.9342726715141212
double_lstm,2500,256,32,4,3.561398917263316e-05,0.005967745736258638,0.004418098062767189,0.9923855327953546
double_lstm,3000,512,64,64,0.004754729761580101,0.06895454851987722,0.05405979281552876,-0.016587433129339635
double_lstm,2500,256,32,8,0.004676470040102631,0.06838472080883734,0.05290770301815562,0.00014492672359134318
double_lstm,3500,512,4,4,8.080638949865975e-05,0.00898923742586988,0.007455467327630624,0.9827231484858157
double_lstm,2500,256,32,16,3.786192581605117e-05,0.006153204516026684,0.004493416617795265,0.9919049115494037
double_lstm,3500,512,4,8,3.4127774097488665e-05,0.005841898158774138,0.004273647760900993,0.9927032937710735
double_lstm,1500,64,8,4,0.007495084503272209,0.08657415609332966,0.08253808519741668,-0.6024903829101926
double_lstm,2500,256,32,32,4.658374970784081e-05,0.006825228912486438,0.005314675489487159,0.9900401375229165
double_lstm,3500,512,4,16,4.979225519567422e-05,0.007056362745471226,0.005668580374821632,0.9893541413629636
double_lstm,2500,256,32,64,3.576558865210389e-05,0.005980433818052323,0.0043558657481571296,0.9923531199909625
double_lstm,3500,512,4,32,3.429250396485235e-05,0.0058559801882223225,0.004288485241165769,0.9926680736173696
double_lstm,2500,256,64,4,0.004744535947409465,0.06888059195019643,0.053794638925786654,-0.014407939466994923
double_lstm,1500,64,8,8,0.004766369942151329,0.06903890165806036,0.054343360424074484,-0.019076167901120433
double_lstm,3500,512,4,64,4.342069554031167e-05,0.006589438180931032,0.005011521644011444,0.9907164159400413
double_lstm,2500,256,64,8,0.007895582278330678,0.08885708907189498,0.08336460447635849,-0.6881190149326779
double_lstm,3500,512,8,4,3.4996453966686096e-05,0.005915780080994061,0.004326406958886107,0.9925175652265041
double_lstm,2500,256,64,16,0.03584311643982834,0.1893227837314578,0.17816444440535356,-6.663455877419224
double_lstm,3500,512,8,8,9.491611374375958e-05,0.009742490120280316,0.008448594615441285,0.9797064116633801
double_lstm,1500,64,8,16,0.0075879868960606655,0.08710905174584709,0.08193116772734135,-0.6223534266060777
double_lstm,2500,256,64,32,0.00803354767504672,0.08963006010846317,0.0842338702330705,-0.717616777274827
double_lstm,3500,512,8,16,3.49599581263994e-05,0.005912694658647561,0.0043240448828253605,0.9925253682383381
double_lstm,2500,256,64,64,0.004745543303729742,0.06888790389995723,0.053821372177082584,-0.014623317801248925
double_lstm,3500,512,8,32,3.428087969092515e-05,0.005854987591013763,0.004267324272512492,0.9926705589512133
double_lstm,3000,256,4,4,3.607017541488485e-05,0.006005845104136874,0.004418321848631707,0.9922879976620675
double_lstm,3500,512,8,64,6.92161052280919e-05,0.008319621699818562,0.007075326102506665,0.9852012151534659
double_lstm,1500,64,8,32,0.0034698875083083586,0.058905751063103834,0.0539821375279664,0.25811892322004293
double_lstm,3000,256,4,8,3.510537660768399e-05,0.005924979038586044,0.004328579076938014,0.9924942769654306
double_lstm,3500,512,16,4,0.00031806924127996734,0.01783449582354285,0.016844965642268013,0.9319950428806822
double_lstm,3000,256,4,16,3.3649630699129894e-05,0.005800830173270882,0.004252926946475567,0.9928055234653734
double_lstm,3500,512,16,8,5.498923390393133e-05,0.007415472601522531,0.006033437208840155,0.9882429986671695
double_lstm,3000,256,4,32,3.5631663287682894e-05,0.005969226355875852,0.00437465721131911,0.9923817539721297
double_lstm,1500,64,8,64,0.005600890675914674,0.0748390985776464,0.07086056561128525,-0.19750130101483965
double_lstm,3500,512,16,16,3.414851507201415e-05,0.005843673080521715,0.004263736790394799,0.9926988592363868
double_lstm,3500,512,16,32,3.6681749268643986e-05,0.0060565459850185225,0.004456260233248253,0.9921572398008772
double_lstm,3000,256,4,64,0.00031911062784345686,0.017863667816085723,0.011102337448174366,0.9317723886928403
double_lstm,3500,512,16,64,3.657477250349402e-05,0.006047708037223194,0.0045135915830101115,0.992180112022968
double_lstm,3500,512,32,4,3.472259634163e-05,0.005892588254886811,0.004313761192220727,0.9925761174963615
double_lstm,3000,256,8,4,3.455148214212368e-05,0.005878050879511309,0.00434271784862235,0.9926127026554705
double_lstm,1500,64,16,4,0.004766370079937721,0.06903890265594986,0.05434336367297738,-0.019076197360610836
double_lstm,3500,512,32,8,4.53514195142236e-05,0.006734346257375217,0.005189627477980647,0.9903036165114428
double_lstm,3000,256,8,8,0.0015636506926785024,0.03954302331231772,0.03846882990154061,0.6656828623941189
double_lstm,3500,512,32,16,3.449106711734596e-05,0.005872909595536608,0.0043029210300425625,0.9926256197208015
double_lstm,1500,64,16,8,0.001551623424715489,0.03939065148884299,0.02789274710847615,0.668254358584055
double_lstm,3000,256,8,16,3.414061548214629e-05,0.005842997131793434,0.004303170550746428,0.9927005482122464
double_lstm,3500,512,32,32,3.721777984321241e-05,0.006100637658738012,0.004483050108850066,0.9920426335092049
double_lstm,3500,512,32,64,0.00029301304816738757,0.017117623905419453,0.009586849990410944,0.937352195088602
double_lstm,3000,256,8,32,3.393223830882704e-05,0.005825138479798316,0.004279813387117125,0.9927451004005662
double_lstm,3500,512,64,4,0.0023430231247026567,0.04840478410965859,0.03879295779574289,0.49904874019325873
double_lstm,3000,256,8,64,3.6518521923860526e-05,0.00604305567770648,0.004428788301258244,0.9921921387069709
double_lstm,3500,512,64,8,0.0005270761909015875,0.02295813997042416,0.02194754711047518,0.8873082049159046
double_lstm,3000,64,4,4,7.496983353685333e-05,0.008658512201114769,0.006268375342700681,0.983971036324042
double_lstm,3500,512,64,16,0.004700703287924995,0.06856167506650487,0.05412144602105389,-0.00503627524485406
double_lstm,3000,256,16,4,3.469438217418931e-05,0.00589019372976724,0.004342983421808382,0.9925821498408889
double_lstm,1500,64,16,16,0.003676580923147068,0.06063481609724786,0.05698753331446487,0.21392673174504462
double_lstm,3500,512,64,32,0.004765276201132952,0.06903098000994157,0.054353154954960056,-0.018842320042223193
double_lstm,3500,512,64,64,3.4264981501489034e-05,0.005853629771474194,0.004275345600593371,0.9926739580717523
double_lstm,3000,256,16,8,0.006398048239681874,0.07998780056784831,0.07424193599471708,-0.367937982421614
double_lstm,1500,64,16,32,0.004766370079937721,0.06903890265594986,0.05434336367297738,-0.019076197360610836
double_lstm,3000,256,16,16,3.440486160311596e-05,0.005865565753029793,0.00430673315952767,0.9926440509349456
double_lstm,3000,256,16,32,0.0016021753210348128,0.04002718227698288,0.03862975157945222,0.6574460844873156
double_lstm,3000,64,4,8,0.019489101368750223,0.13960337162386238,0.1347652153289454,-3.1668773048988594
double_lstm,1500,64,16,64,0.007563436989741978,0.08696802280000379,0.08324435936852137,-0.6171045213055615
double_lstm,3000,256,16,64,3.4132941564340274e-05,0.005842340418388874,0.004273574867352259,0.9927021889381753
double_lstm,3000,256,32,4,3.44533455370902e-05,0.005869697227037371,0.004324050356758655,0.9926336848025977
double_lstm,1500,64,32,4,0.004766370079937721,0.06903890265594986,0.05434336367297738,-0.019076197360610836
double_lstm,3000,256,32,8,3.522660235756676e-05,0.005935200279482299,0.004372339545740163,0.9924683582318575
double_lstm,3000,64,4,16,0.00013050377733548281,0.011423824987082165,0.00903471555778111,0.9720975730130511
double_lstm,3000,256,32,16,5.540824361707262e-05,0.007443671380244605,0.00560423582616062,0.988153412080739
double_lstm,3000,256,32,32,3.815583878261034e-05,0.006177041264441281,0.004609692850145794,0.9918420713369795
double_lstm,1500,64,32,8,0.004766369528792812,0.06903889866439653,0.054343350677365794,-0.01907607952279089
double_lstm,3000,256,32,64,0.0003198425716534208,0.017884143022617014,0.010242913999159244,0.9316158950714826
double_lstm,3000,64,4,32,6.0567940862535374e-05,0.007782540771659046,0.006120234989192373,0.9870502403672018
double_lstm,3000,256,64,4,3.95677680205128e-05,0.0062902915687997165,0.004739742748641965,0.9915401930827583
double_lstm,3000,256,64,8,3.6277119957471126e-05,0.006023049058198939,0.004436293307054736,0.9922437517780958
double_lstm,1500,64,32,16,0.004766370079937721,0.06903890265594986,0.05434336367297738,-0.019076197360610836
double_lstm,3000,256,64,16,0.011614414330485762,0.10777019221698439,0.10288844511521551,-1.4832258074758364
double_lstm,3000,256,64,32,0.028768928159175946,0.16961405649053957,0.159462861735306,-5.150955427065095
double_lstm,3000,64,4,64,7.502757018791647e-05,0.008661845657128535,0.00656419976161298,0.9839586919097756
double_lstm,1500,64,32,32,0.004766370079937721,0.06903890265594986,0.05434336367297738,-0.019076197360610836
double_lstm,3000,256,64,64,0.006143511114183198,0.07838055316328917,0.07469450500286114,-0.3135165418725243
double_lstm,3500,256,4,4,3.5695892527881534e-05,0.005974603964103523,0.004401964073481775,0.9923680214065161
double_lstm,3000,64,8,4,0.004714667042938328,0.06866343308441786,0.05488726339393221,-0.008021803040892728
double_lstm,3500,256,4,8,3.445997973419446e-05,0.0058702623224345316,0.004312334368131237,0.9926322663746863
double_lstm,1500,64,32,64,0.24899744170436383,0.49899643456077303,0.4821042754145956,-52.237025616760114
double_lstm,3500,256,4,16,3.570729080213974e-05,0.005975557781675259,0.004378882609841194,0.9923655843926477
double_lstm,3500,256,4,32,3.5643225457049904e-05,0.005970194758720179,0.00439960888336455,0.9923792819165834
double_lstm,1500,64,64,4,0.004766369391006862,0.06903889766651015,0.0543433474284629,-0.019076050063395522
double_lstm,3500,256,4,64,3.4609923521689644e-05,0.005883019932117317,0.004303107184486168,0.9926002075663655
double_lstm,3000,64,8,8,0.00013681046555303047,0.011696600598166566,0.008369370230586098,0.9707491683069773
double_lstm,3500,256,8,4,4.0160622441533376e-05,0.00633724091711317,0.004708677483503919,0.9914134375394771
double_lstm,3500,256,8,8,3.591117368577723e-05,0.005992593235468033,0.004389779690608708,0.9923219931082362
double_lstm,1500,64,64,8,0.004766370079937721,0.06903890265594986,0.05434336367297738,-0.019076197360610836
double_lstm,3500,256,8,16,3.443687244543445e-05,0.005868293827462498,0.004306849502537034,0.9926372068404004
double_lstm,3500,256,8,32,3.430941717343832e-05,0.005857424107356264,0.004277054166692668,0.9926644574801411
double_lstm,1500,64,64,16,0.09133311556840798,0.3022136918943415,0.2943675369384597,-18.527523575711637
double_lstm,3000,64,8,16,8.22706439699514e-05,0.009070316641107487,0.006878638686800845,0.9824100828082568
double_lstm,3500,256,8,64,0.0002774765257622959,0.016657626654547637,0.015548515892148345,0.9406739892227653
double_lstm,3500,256,16,4,3.609203715620931e-05,0.006007664867168383,0.004406711906758051,0.9922833235012611
double_lstm,1500,64,64,32,0.042648139510295356,0.20651425982313026,0.1954408368650818,-8.118407322081984
double_lstm,3500,256,16,8,3.5035750077653207e-05,0.005919100444970773,0.004325441156557071,0.9925091635013624
double_lstm,3500,256,16,16,3.539028140903608e-05,0.0059489731390414,0.00437953705835633,0.9924333627483845
double_lstm,3500,256,16,32,3.489324092972447e-05,0.0059070501038779475,0.004366724999893695,0.9925396327427609
double_lstm,1500,64,64,64,0.012473928512355386,0.11168674277798321,0.08827830847474834,-1.6669946775692512
double_lstm,3000,64,8,32,0.007153425045466957,0.0845779229200325,0.08283551485937518,-0.529441707458409
double_lstm,3500,256,16,64,3.779599851801819e-05,0.006147845030416608,0.004481643595429153,0.9919190071691427
double_lstm,1500,128,4,4,0.0034298942185608753,0.058565298757548186,0.04048460592219364,0.26666970902816867
double_lstm,3500,256,32,4,3.579027746254146e-05,0.005982497594027219,0.0043914568580629585,0.9923478413871957
double_lstm,1500,128,4,8,0.00010287623760265602,0.010142792396704963,0.008693641113807181,0.9780044933027418
double_lstm,3500,256,32,8,0.004811010951817208,0.06936145148291814,0.055300599733253436,-0.028620661848018702
double_lstm,3000,64,8,64,0.00269562917203578,0.05191944888031632,0.04608060102341571,0.4236596235581337
double_lstm,1500,128,4,16,0.012631978551287611,0.11239207512670817,0.10733942256950842,-1.7007866471323556
double_lstm,3500,256,32,16,3.4668435724603677e-05,0.0058879908054109325,0.004341414726352424,0.9925876973348382
double_lstm,3500,256,32,32,3.470512737224203e-05,0.005891105785185157,0.0043260312997799285,0.992579852458313
double_lstm,1500,128,4,32,0.0002516408143567139,0.015863190547828452,0.013975580412665849,0.9461978067387671
double_lstm,3500,256,32,64,0.00047073159505677274,0.021696349809513415,0.016838277092997556,0.8993549901030305
double_lstm,1500,128,4,64,0.10427369345396159,0.322914374802302,0.3178983985956879,-21.294290461641545
double_lstm,3500,256,64,4,0.008068859629387855,0.08982683134446999,0.08445340115835538,-0.725166667767553
double_lstm,3000,64,16,4,0.0032208740581008244,0.056752744938908674,0.05338445090391863,0.3113593715430266
double_lstm,1500,128,8,4,0.0006608906266162858,0.02570779311057808,0.024805631650718224,0.8586979409177149
double_lstm,3500,256,64,8,4.4701007937457574e-05,0.006685881238659387,0.004846695825893974,0.9904426780919022
double_lstm,1500,128,8,8,0.0015999636728839864,0.03999954590847234,0.03834248162806253,0.6579189470535127
double_lstm,3500,256,64,16,6.316430545392486e-05,0.00794759746426081,0.006270455209142972,0.9864951233052909
double_lstm,1500,128,8,16,0.0007281541603409564,0.026984331756427775,0.025421531814267248,0.8443166266220212
double_lstm,3500,256,64,32,0.004778944820736381,0.06912991263365216,0.05463317913910515,-0.02176474626071223
double_lstm,3500,256,64,64,0.004752848925848628,0.06894090894272158,0.054013844262405554,-0.016185300081979825
double_lstm,1500,128,8,32,0.001496737374168807,0.03868769021496123,0.03760342858303236,0.6799892987463149
double_lstm,3000,64,16,8,0.0026548469341051636,0.051525206783720565,0.04851760182136106,0.432379090836833
double_lstm,1500,128,8,64,7.698755924052506e-05,0.008774255480696073,0.006695598507194542,0.9835396354460302
double_lstm,1500,128,16,4,0.012631986523619075,0.11239211059331111,0.10733945640780854,-1.7007883516607696
double_lstm,1500,128,16,8,0.00013480999647520728,0.01161077070978526,0.008633031332043763,0.9711768796232569
double_lstm,3000,64,16,16,0.005107570444054861,0.07146726834051279,0.06816523393138241,-0.09202671605115564
double_lstm,1500,128,16,16,0.004828145410727245,0.0694848574203563,0.04650096770175399,-0.032284103615448645
double_lstm,1500,128,16,32,0.012631978551287611,0.11239207512670817,0.10733942256950842,-1.7007866471323556
double_lstm,3000,64,16,32,0.005969928544337617,0.07726531268517339,0.05595218469776932,-0.27640363157819214
double_lstm,1500,128,16,64,0.00149376375590312,0.0386492400430218,0.037859298304571416,0.6806250747233742
